{
  "count_wasserstein": 0.28119298815727234,
  "occupancy_js_divergence": 0.0721672847867012,
  "coverage_iou_ge_03": 0.9402604103088379,
  "coverage_iou_ge_05": 0.0722491666674614,
  "coverage_iou_ge_07": 0.0,
  "median_best_iou": 0.4150943458080292,
  "one_nn_separability_acc": 0.6082500219345093,
  "real_count_mean": 59.96055603027344,
  "sampled_count_mean": 60.18149948120117,
  "pc2d_span_ratio_mean": 0.6282692729147862,
  "pc2d_intersection_cover_mean": 0.6282692729147862,
  "span_trace_ratio": 0.5579082369804382,
  "span_logdet_ratio": 0.6160887479782104,
  "real_to_sampled_nn_p95": 3.4493229389190674,
  "real_to_real_nn_p95": 2.130314350128174,
  "nn_p95_ratio": 1.6191614813614401
}