{
  "count_wasserstein": 0.5792091488838196,
  "occupancy_js_divergence": 0.049358949065208435,
  "coverage_iou_ge_03": 0.9233738780021667,
  "coverage_iou_ge_05": 0.05404362082481384,
  "coverage_iou_ge_07": 0.0,
  "median_best_iou": 0.39772728085517883,
  "one_nn_separability_acc": 0.6172500252723694,
  "real_count_mean": 73.73422241210938,
  "sampled_count_mean": 74.2791976928711,
  "pc2d_span_ratio_mean": 0.6876418960254902,
  "pc2d_intersection_cover_mean": 0.6876418960254902,
  "span_trace_ratio": 0.49764055013656616,
  "span_logdet_ratio": 0.5384899377822876,
  "real_to_sampled_nn_p95": 3.326097011566162,
  "real_to_real_nn_p95": 2.3869309425354004,
  "nn_p95_ratio": 1.3934617681201864,
  "chamfer_median": 0.011822758242487907,
  "chamfer_p90": 0.01693933829665184
}