{
  "allegro": {
    "count_wasserstein": 0.2035243660211563,
    "occupancy_js_divergence": 0.08207286894321442,
    "coverage_iou_ge_03": 0.8773898482322693,
    "coverage_iou_ge_05": 0.009143806993961334,
    "coverage_iou_ge_07": 0.0,
    "median_best_iou": 0.37704917788505554,
    "one_nn_separability_acc": 0.5845000147819519,
    "real_count_mean": 57.39692306518555,
    "sampled_count_mean": 57.51530075073242,
    "pc2d_span_ratio_mean": 0.5846409680967904,
    "pc2d_intersection_cover_mean": 0.5846409680967904,
    "span_trace_ratio": 0.4167333245277405,
    "span_logdet_ratio": 0.4632070064544678,
    "real_to_sampled_nn_p95": 3.420557975769043,
    "real_to_real_nn_p95": 2.1303977966308594,
    "nn_p95_ratio": 1.6055959038159546
  },
  "barrett": {
    "count_wasserstein": 0.27782267332077026,
    "occupancy_js_divergence": 0.07011348009109497,
    "coverage_iou_ge_03": 0.9429410099983215,
    "coverage_iou_ge_05": 0.0920347198843956,
    "coverage_iou_ge_07": 0.0002552974328864366,
    "median_best_iou": 0.41747573018074036,
    "one_nn_separability_acc": 0.640250027179718,
    "real_count_mean": 59.96055603027344,
    "sampled_count_mean": 60.19380187988281,
    "pc2d_span_ratio_mean": 0.6601092275822806,
    "pc2d_intersection_cover_mean": 0.6601092275822806,
    "span_trace_ratio": 0.5576828122138977,
    "span_logdet_ratio": 0.6197370886802673,
    "real_to_sampled_nn_p95": 3.3030996322631836,
    "real_to_real_nn_p95": 2.130314350128174,
    "nn_p95_ratio": 1.5505221715586
  },
  "ezgripper": {
    "count_wasserstein": 0.3946659564971924,
    "occupancy_js_divergence": 0.12626978754997253,
    "coverage_iou_ge_03": 0.9950600862503052,
    "coverage_iou_ge_05": 0.806850016117096,
    "coverage_iou_ge_07": 0.11839288473129272,
    "median_best_iou": 0.5913978219032288,
    "one_nn_separability_acc": 0.7369999885559082,
    "real_count_mean": 92.04330444335938,
    "sampled_count_mean": 92.42130279541016,
    "pc2d_span_ratio_mean": 0.8708695389325101,
    "pc2d_intersection_cover_mean": 0.8301354433560956,
    "span_trace_ratio": 0.8122809529304504,
    "span_logdet_ratio": 0.7976645827293396,
    "real_to_sampled_nn_p95": 3.281156539916992,
    "real_to_real_nn_p95": 2.151132345199585,
    "nn_p95_ratio": 1.5253159793906415
  },
  "robotiq_3finger": {
    "count_wasserstein": 0.2071143239736557,
    "occupancy_js_divergence": 0.0731535404920578,
    "coverage_iou_ge_03": 0.9641203880310059,
    "coverage_iou_ge_05": 0.32523149251937866,
    "coverage_iou_ge_07": 0.009259259328246117,
    "median_best_iou": 0.44897958636283875,
    "one_nn_separability_acc": 0.63198322057724,
    "real_count_mean": 22.057870864868164,
    "sampled_count_mean": 22.021799087524414,
    "pc2d_span_ratio_mean": 0.705280808236135,
    "pc2d_intersection_cover_mean": 0.705280808236135,
    "span_trace_ratio": 0.46039479970932007,
    "span_logdet_ratio": 0.48143109679222107,
    "real_to_sampled_nn_p95": 1.9681190252304077,
    "real_to_real_nn_p95": 1.6898236274719238,
    "nn_p95_ratio": 1.164689020341626
  },
  "shadowhand": {
    "count_wasserstein": 0.3177754282951355,
    "occupancy_js_divergence": 0.06335429847240448,
    "coverage_iou_ge_03": 0.9229878187179565,
    "coverage_iou_ge_05": 0.03435630351305008,
    "coverage_iou_ge_07": 0.0,
    "median_best_iou": 0.3921568691730499,
    "one_nn_separability_acc": 0.6367499828338623,
    "real_count_mean": 73.73422241210938,
    "sampled_count_mean": 73.70040130615234,
    "pc2d_span_ratio_mean": 0.6444000219629941,
    "pc2d_intersection_cover_mean": 0.6444000219629941,
    "span_trace_ratio": 0.45031601190567017,
    "span_logdet_ratio": 0.48817187547683716,
    "real_to_sampled_nn_p95": 3.5388643741607666,
    "real_to_real_nn_p95": 2.3869309425354004,
    "nn_p95_ratio": 1.4826002340904683
  }
}