{
  "count_wasserstein": 0.3048877418041229,
  "occupancy_js_divergence": 0.0014081064146012068,
  "coverage_iou_ge_03": 0.6072186827659607,
  "coverage_iou_ge_05": 0.04246284440159798,
  "coverage_iou_ge_07": 0.0,
  "median_best_iou": 0.3270440399646759,
  "one_nn_separability_acc": 0.6997500061988831,
  "real_count_mean": 73.73422241210938,
  "sampled_count_mean": 74.01399993896484,
  "chamfer_median": 0.015441035851836205,
  "chamfer_p90": 0.029993336647748947
}