{
  "allegro": {
    "count_wasserstein": 0.36447471380233765,
    "occupancy_js_divergence": 0.08072874695062637,
    "coverage_iou_ge_03": 0.7666251063346863,
    "coverage_iou_ge_05": 0.0039484621956944466,
    "coverage_iou_ge_07": 0.0,
    "median_best_iou": 0.3448275923728943,
    "one_nn_separability_acc": 0.5960000157356262,
    "real_count_mean": 57.39692306518555,
    "sampled_count_mean": 57.65566635131836,
    "pc2d_span_ratio_mean": 0.6054727694483761,
    "pc2d_intersection_cover_mean": 0.6054727694483761,
    "span_trace_ratio": 0.4110514521598816,
    "span_logdet_ratio": 0.4604704976081848,
    "real_to_sampled_nn_p95": 3.373472213745117,
    "real_to_real_nn_p95": 2.1303977966308594,
    "nn_p95_ratio": 1.5834940399770085
  },
  "barrett": {
    "count_wasserstein": 0.3436380624771118,
    "occupancy_js_divergence": 0.06985870748758316,
    "coverage_iou_ge_03": 0.8955833315849304,
    "coverage_iou_ge_05": 0.036635179072618484,
    "coverage_iou_ge_07": 0.0,
    "median_best_iou": 0.3888888955116272,
    "one_nn_separability_acc": 0.5920000076293945,
    "real_count_mean": 59.96055603027344,
    "sampled_count_mean": 59.99533462524414,
    "pc2d_span_ratio_mean": 0.6498580881286686,
    "pc2d_intersection_cover_mean": 0.6498580881286686,
    "span_trace_ratio": 0.566731333732605,
    "span_logdet_ratio": 0.6266574859619141,
    "real_to_sampled_nn_p95": 3.3046841621398926,
    "real_to_real_nn_p95": 2.130314350128174,
    "nn_p95_ratio": 1.5512659725270408
  },
  "ezgripper": {
    "count_wasserstein": 0.7152190208435059,
    "occupancy_js_divergence": 0.12633948028087616,
    "coverage_iou_ge_03": 0.9902848601341248,
    "coverage_iou_ge_05": 0.7235303521156311,
    "coverage_iou_ge_07": 0.03853120282292366,
    "median_best_iou": 0.5641025900840759,
    "one_nn_separability_acc": 0.7427499890327454,
    "real_count_mean": 92.04330444335938,
    "sampled_count_mean": 91.80500030517578,
    "pc2d_span_ratio_mean": 0.8759929119275187,
    "pc2d_intersection_cover_mean": 0.8350486846723064,
    "span_trace_ratio": 0.7893103361129761,
    "span_logdet_ratio": 0.7827386856079102,
    "real_to_sampled_nn_p95": 2.9719467163085938,
    "real_to_real_nn_p95": 2.151132345199585,
    "nn_p95_ratio": 1.3815731621258536
  },
  "robotiq_3finger": {
    "count_wasserstein": 0.1432035267353058,
    "occupancy_js_divergence": 0.07249775528907776,
    "coverage_iou_ge_03": 0.9259259104728699,
    "coverage_iou_ge_05": 0.17592592537403107,
    "coverage_iou_ge_07": 0.004629629664123058,
    "median_best_iou": 0.4000000059604645,
    "one_nn_separability_acc": 0.6117318272590637,
    "real_count_mean": 22.057870864868164,
    "sampled_count_mean": 21.983333587646484,
    "pc2d_span_ratio_mean": 0.6639393013244483,
    "pc2d_intersection_cover_mean": 0.6639393013244483,
    "span_trace_ratio": 0.4480302929878235,
    "span_logdet_ratio": 0.46832987666130066,
    "real_to_sampled_nn_p95": 1.8888431787490845,
    "real_to_real_nn_p95": 1.6898236274719238,
    "nn_p95_ratio": 1.1177753394150995
  },
  "shadowhand": {
    "count_wasserstein": 0.3851631283760071,
    "occupancy_js_divergence": 0.06304578483104706,
    "coverage_iou_ge_03": 0.8272534012794495,
    "coverage_iou_ge_05": 0.002509168116375804,
    "coverage_iou_ge_07": 0.0,
    "median_best_iou": 0.3576158881187439,
    "one_nn_separability_acc": 0.6132500171661377,
    "real_count_mean": 73.73422241210938,
    "sampled_count_mean": 73.87699890136719,
    "pc2d_span_ratio_mean": 0.6087519929195214,
    "pc2d_intersection_cover_mean": 0.6087519929195214,
    "span_trace_ratio": 0.43966859579086304,
    "span_logdet_ratio": 0.47383326292037964,
    "real_to_sampled_nn_p95": 3.4992799758911133,
    "real_to_real_nn_p95": 2.3869309425354004,
    "nn_p95_ratio": 1.4660164286840132
  }
}