{
  "allegro": {
    "count_wasserstein": 0.2505742013454437,
    "occupancy_js_divergence": 0.07005613297224045,
    "coverage_iou_ge_03": 0.9044056534767151,
    "coverage_iou_ge_05": 0.036783043295145035,
    "coverage_iou_ge_07": 0.0,
    "median_best_iou": 0.39344263076782227,
    "one_nn_separability_acc": 0.5724999904632568,
    "real_count_mean": 57.39692306518555,
    "sampled_count_mean": 57.17100143432617,
    "pc2d_span_ratio_mean": 0.6167154440094595,
    "pc2d_intersection_cover_mean": 0.6167154440094595,
    "span_trace_ratio": 0.49378901720046997,
    "span_logdet_ratio": 0.5524645447731018,
    "real_to_sampled_nn_p95": 3.2937586307525635,
    "real_to_real_nn_p95": 2.1303977966308594,
    "nn_p95_ratio": 1.5460768106132636,
    "chamfer_median": 0.016363030299544334,
    "chamfer_p90": 0.0238106120377779
  },
  "barrett": {
    "count_wasserstein": 0.21267341077327728,
    "occupancy_js_divergence": 0.05969013646245003,
    "coverage_iou_ge_03": 0.9578759074211121,
    "coverage_iou_ge_05": 0.14283891022205353,
    "coverage_iou_ge_07": 0.0,
    "median_best_iou": 0.4333333373069763,
    "one_nn_separability_acc": 0.5872499942779541,
    "real_count_mean": 59.96055603027344,
    "sampled_count_mean": 59.78089904785156,
    "pc2d_span_ratio_mean": 0.6686709609869785,
    "pc2d_intersection_cover_mean": 0.6686709609869785,
    "span_trace_ratio": 0.63851398229599,
    "span_logdet_ratio": 0.7149763107299805,
    "real_to_sampled_nn_p95": 3.2520368099212646,
    "real_to_real_nn_p95": 2.130314350128174,
    "nn_p95_ratio": 1.5265525530190418,
    "chamfer_median": 0.011726833879947662,
    "chamfer_p90": 0.01764540746808052
  },
  "ezgripper": {
    "count_wasserstein": 0.24091148376464844,
    "occupancy_js_divergence": 0.0926111489534378,
    "coverage_iou_ge_03": 0.9970360398292542,
    "coverage_iou_ge_05": 0.8664581179618835,
    "coverage_iou_ge_07": 0.18047094345092773,
    "median_best_iou": 0.6229507923126221,
    "one_nn_separability_acc": 0.6694999933242798,
    "real_count_mean": 92.04330444335938,
    "sampled_count_mean": 91.87519836425781,
    "pc2d_span_ratio_mean": 0.8955785030276374,
    "pc2d_intersection_cover_mean": 0.8602563783673123,
    "span_trace_ratio": 0.903270959854126,
    "span_logdet_ratio": 0.902341365814209,
    "real_to_sampled_nn_p95": 2.859914779663086,
    "real_to_real_nn_p95": 2.151132345199585,
    "nn_p95_ratio": 1.3294927139398014,
    "chamfer_median": 0.005096144042909145,
    "chamfer_p90": 0.007599876262247562
  },
  "robotiq_3finger": {
    "count_wasserstein": 0.2076740264892578,
    "occupancy_js_divergence": 0.05196042358875275,
    "coverage_iou_ge_03": 0.9872685074806213,
    "coverage_iou_ge_05": 0.43634259700775146,
    "coverage_iou_ge_07": 0.018518518656492233,
    "median_best_iou": 0.4736842215061188,
    "one_nn_separability_acc": 0.6281424760818481,
    "real_count_mean": 22.057870864868164,
    "sampled_count_mean": 21.86949920654297,
    "pc2d_span_ratio_mean": 0.7112648546122955,
    "pc2d_intersection_cover_mean": 0.7112648546122955,
    "span_trace_ratio": 0.5546442270278931,
    "span_logdet_ratio": 0.5931666493415833,
    "real_to_sampled_nn_p95": 1.8134592771530151,
    "real_to_real_nn_p95": 1.6898236274719238,
    "nn_p95_ratio": 1.0731648248202432,
    "chamfer_median": 0.014130945317447186,
    "chamfer_p90": 0.02019147202372551
  },
  "shadowhand": {
    "count_wasserstein": 0.535673201084137,
    "occupancy_js_divergence": 0.049322471022605896,
    "coverage_iou_ge_03": 0.9469214677810669,
    "coverage_iou_ge_05": 0.07276587188243866,
    "coverage_iou_ge_07": 0.0,
    "median_best_iou": 0.4084506928920746,
    "one_nn_separability_acc": 0.6019999980926514,
    "real_count_mean": 73.73422241210938,
    "sampled_count_mean": 73.65260314941406,
    "pc2d_span_ratio_mean": 0.6765607440757213,
    "pc2d_intersection_cover_mean": 0.6765607440757213,
    "span_trace_ratio": 0.5376379489898682,
    "span_logdet_ratio": 0.5882841348648071,
    "real_to_sampled_nn_p95": 3.3509340286254883,
    "real_to_real_nn_p95": 2.3869309425354004,
    "nn_p95_ratio": 1.403867187320519,
    "chamfer_median": 0.01091840211302042,
    "chamfer_p90": 0.016592519357800484
  }
}