{
  "allegro": {
    "count_wasserstein": 0.7462476491928101,
    "occupancy_js_divergence": 0.08833929896354675,
    "coverage_iou_ge_03": 0.7680798172950745,
    "coverage_iou_ge_05": 0.00311720697209239,
    "coverage_iou_ge_07": 0.0,
    "median_best_iou": 0.34285715222358704,
    "one_nn_separability_acc": 0.5922499895095825,
    "real_count_mean": 57.39692306518555,
    "sampled_count_mean": 58.10599899291992,
    "pc2d_span_ratio_mean": 0.5898585554699531,
    "pc2d_intersection_cover_mean": 0.5898585554699531,
    "span_trace_ratio": 0.4086691737174988,
    "span_logdet_ratio": 0.4554375112056732,
    "real_to_sampled_nn_p95": 3.3530795574188232,
    "real_to_real_nn_p95": 2.1303977966308594,
    "nn_p95_ratio": 1.5739218106222168
  },
  "barrett": {
    "count_wasserstein": 0.5965625047683716,
    "occupancy_js_divergence": 0.07049503177404404,
    "coverage_iou_ge_03": 0.8926474452018738,
    "coverage_iou_ge_05": 0.03893285617232323,
    "coverage_iou_ge_07": 0.0,
    "median_best_iou": 0.3877550959587097,
    "one_nn_separability_acc": 0.624750018119812,
    "real_count_mean": 59.96055603027344,
    "sampled_count_mean": 59.95100021362305,
    "pc2d_span_ratio_mean": 0.6584147649434522,
    "pc2d_intersection_cover_mean": 0.6584147649434522,
    "span_trace_ratio": 0.5707456469535828,
    "span_logdet_ratio": 0.6364895701408386,
    "real_to_sampled_nn_p95": 3.241257429122925,
    "real_to_real_nn_p95": 2.130314350128174,
    "nn_p95_ratio": 1.5214925576255491
  },
  "ezgripper": {
    "count_wasserstein": 0.8620539903640747,
    "occupancy_js_divergence": 0.12667109072208405,
    "coverage_iou_ge_03": 0.9906141757965088,
    "coverage_iou_ge_05": 0.7258356809616089,
    "coverage_iou_ge_07": 0.0088918162509799,
    "median_best_iou": 0.5575221180915833,
    "one_nn_separability_acc": 0.7384999990463257,
    "real_count_mean": 92.04330444335938,
    "sampled_count_mean": 92.21233367919922,
    "pc2d_span_ratio_mean": 0.8787699666794266,
    "pc2d_intersection_cover_mean": 0.8298581164154181,
    "span_trace_ratio": 0.7915487885475159,
    "span_logdet_ratio": 0.7776823043823242,
    "real_to_sampled_nn_p95": 3.014268159866333,
    "real_to_real_nn_p95": 2.151132345199585,
    "nn_p95_ratio": 1.4012471927135963
  },
  "robotiq_3finger": {
    "count_wasserstein": 0.29224076867103577,
    "occupancy_js_divergence": 0.07270652800798416,
    "coverage_iou_ge_03": 0.9039351940155029,
    "coverage_iou_ge_05": 0.1354166716337204,
    "coverage_iou_ge_07": 0.0011574074160307646,
    "median_best_iou": 0.4000000059604645,
    "one_nn_separability_acc": 0.6466480493545532,
    "real_count_mean": 22.057870864868164,
    "sampled_count_mean": 21.86566734313965,
    "pc2d_span_ratio_mean": 0.6600978864925141,
    "pc2d_intersection_cover_mean": 0.6600978864925141,
    "span_trace_ratio": 0.42360538244247437,
    "span_logdet_ratio": 0.4468843340873718,
    "real_to_sampled_nn_p95": 1.9567787647247314,
    "real_to_real_nn_p95": 1.6898236274719238,
    "nn_p95_ratio": 1.1579781066573134
  },
  "shadowhand": {
    "count_wasserstein": 0.6525537371635437,
    "occupancy_js_divergence": 0.06419020891189575,
    "coverage_iou_ge_03": 0.8610306978225708,
    "coverage_iou_ge_05": 0.005018336232751608,
    "coverage_iou_ge_07": 0.0,
    "median_best_iou": 0.3663366436958313,
    "one_nn_separability_acc": 0.6222500205039978,
    "real_count_mean": 73.73422241210938,
    "sampled_count_mean": 74.20433044433594,
    "pc2d_span_ratio_mean": 0.6642058374305029,
    "pc2d_intersection_cover_mean": 0.6642058374305029,
    "span_trace_ratio": 0.47209933400154114,
    "span_logdet_ratio": 0.5097396969795227,
    "real_to_sampled_nn_p95": 3.509223461151123,
    "real_to_real_nn_p95": 2.3869309425354004,
    "nn_p95_ratio": 1.4701822321778704
  }
}