{
  "count_wasserstein": 3.9157981872558594,
  "occupancy_js_divergence": 0.07998187839984894,
  "coverage_iou_ge_03": 0.9907407164573669,
  "coverage_iou_ge_05": 0.46759259700775146,
  "coverage_iou_ge_07": 0.019675925374031067,
  "median_best_iou": 0.47999998927116394,
  "one_nn_separability_acc": 0.9829176068305969,
  "real_count_mean": 22.057870864868164,
  "sampled_count_mean": 25.060819625854492,
  "feature_mode_used": "mask_only",
  "pc2d_span_ratio_mean": 0.6903236738341487,
  "pc2d_intersection_cover_mean": 0.6903236738341487,
  "span_trace_ratio": 0.5228238105773926,
  "span_logdet_ratio": 0.5515785217285156,
  "real_to_sampled_nn_p95": 1.9025161266326904,
  "real_to_real_nn_p95": 1.6898236274719238,
  "nn_p95_ratio": 1.1258666855540227
}