{
  "count_wasserstein": 0.10298888385295868,
  "occupancy_js_divergence": 0.07316085696220398,
  "coverage_iou_ge_03": 0.9675925970077515,
  "coverage_iou_ge_05": 0.2951388955116272,
  "coverage_iou_ge_07": 0.0069444444961845875,
  "median_best_iou": 0.4375,
  "one_nn_separability_acc": 0.8597201704978943,
  "real_count_mean": 22.057870864868164,
  "sampled_count_mean": 22.05739974975586,
  "pc2d_span_ratio_mean": 0.6625280680057921,
  "pc2d_intersection_cover_mean": 0.6625280680057921,
  "span_trace_ratio": 0.4595569372177124,
  "span_logdet_ratio": 0.4812792241573334,
  "real_to_sampled_nn_p95": 2.027069091796875,
  "real_to_real_nn_p95": 1.6898236274719238,
  "nn_p95_ratio": 1.1995743572537747
}