{
  "count_wasserstein": 0.22161421179771423,
  "occupancy_js_divergence": 0.06994586437940598,
  "coverage_iou_ge_03": 0.9428133964538574,
  "coverage_iou_ge_05": 0.09369415044784546,
  "coverage_iou_ge_07": 0.0001276487164432183,
  "median_best_iou": 0.4166666567325592,
  "one_nn_separability_acc": 0.625,
  "real_count_mean": 59.96055603027344,
  "sampled_count_mean": 59.823699951171875,
  "pc2d_span_ratio_mean": 0.6523509619937415,
  "pc2d_intersection_cover_mean": 0.6523509619937415,
  "span_trace_ratio": 0.5541278123855591,
  "span_logdet_ratio": 0.6157647371292114,
  "real_to_sampled_nn_p95": 3.301689386367798,
  "real_to_real_nn_p95": 2.130314350128174,
  "nn_p95_ratio": 1.5498601819816622
}