{
  "allegro": {
    "count_wasserstein": 0.7429484128952026,
    "occupancy_js_divergence": 0.07208020240068436,
    "coverage_iou_ge_03": 0.8198254108428955,
    "coverage_iou_ge_05": 0.006026600021868944,
    "coverage_iou_ge_07": 0.0,
    "median_best_iou": 0.35849055647850037,
    "one_nn_separability_acc": 0.5764999985694885,
    "real_count_mean": 57.39692306518555,
    "sampled_count_mean": 56.806331634521484,
    "pc2d_span_ratio_mean": 0.6145507364670338,
    "pc2d_intersection_cover_mean": 0.6145507364670338,
    "span_trace_ratio": 0.44729822874069214,
    "span_logdet_ratio": 0.5066182017326355,
    "real_to_sampled_nn_p95": 3.17268705368042,
    "real_to_real_nn_p95": 2.1303977966308594,
    "nn_p95_ratio": 1.4892463082237037,
    "chamfer_median": 0.016795353963971138,
    "chamfer_p90": 0.0227054376155138
  },
  "barrett": {
    "count_wasserstein": 0.7950060367584229,
    "occupancy_js_divergence": 0.0616096667945385,
    "coverage_iou_ge_03": 0.9042634963989258,
    "coverage_iou_ge_05": 0.03357161208987236,
    "coverage_iou_ge_07": 0.0,
    "median_best_iou": 0.39449542760849,
    "one_nn_separability_acc": 0.578499972820282,
    "real_count_mean": 59.96055603027344,
    "sampled_count_mean": 59.28200149536133,
    "pc2d_span_ratio_mean": 0.6888076056036816,
    "pc2d_intersection_cover_mean": 0.6888076056036816,
    "span_trace_ratio": 0.5950562357902527,
    "span_logdet_ratio": 0.6703932285308838,
    "real_to_sampled_nn_p95": 3.058420181274414,
    "real_to_real_nn_p95": 2.130314350128174,
    "nn_p95_ratio": 1.4356661405817406,
    "chamfer_median": 0.012498719617724419,
    "chamfer_p90": 0.01653481274843216
  },
  "ezgripper": {
    "count_wasserstein": 2.154837131500244,
    "occupancy_js_divergence": 0.10380779951810837,
    "coverage_iou_ge_03": 0.9929195046424866,
    "coverage_iou_ge_05": 0.7793512344360352,
    "coverage_iou_ge_07": 0.03918985649943352,
    "median_best_iou": 0.5789473652839661,
    "one_nn_separability_acc": 0.6909999847412109,
    "real_count_mean": 92.04330444335938,
    "sampled_count_mean": 90.32833099365234,
    "pc2d_span_ratio_mean": 0.8536269467138854,
    "pc2d_intersection_cover_mean": 0.8425240364948909,
    "span_trace_ratio": 0.8250761032104492,
    "span_logdet_ratio": 0.8494927883148193,
    "real_to_sampled_nn_p95": 3.0073859691619873,
    "real_to_real_nn_p95": 2.151132345199585,
    "nn_p95_ratio": 1.3980478587815377,
    "chamfer_median": 0.005300244316458702,
    "chamfer_p90": 0.008069215342402458
  },
  "robotiq_3finger": {
    "count_wasserstein": 0.4673706591129303,
    "occupancy_js_divergence": 0.056907542049884796,
    "coverage_iou_ge_03": 0.9386574029922485,
    "coverage_iou_ge_05": 0.2291666716337204,
    "coverage_iou_ge_07": 0.0069444444961845875,
    "median_best_iou": 0.4166666567325592,
    "one_nn_separability_acc": 0.6026536226272583,
    "real_count_mean": 22.057870864868164,
    "sampled_count_mean": 21.65999984741211,
    "pc2d_span_ratio_mean": 0.697165884840625,
    "pc2d_intersection_cover_mean": 0.697165884840625,
    "span_trace_ratio": 0.5154492259025574,
    "span_logdet_ratio": 0.5471933484077454,
    "real_to_sampled_nn_p95": 1.9624625444412231,
    "real_to_real_nn_p95": 1.6898236274719238,
    "nn_p95_ratio": 1.161341640948164,
    "chamfer_median": 0.012401415035128593,
    "chamfer_p90": 0.02017824910581112
  },
  "shadowhand": {
    "count_wasserstein": 0.6194780468940735,
    "occupancy_js_divergence": 0.04911605268716812,
    "coverage_iou_ge_03": 0.8498359322547913,
    "coverage_iou_ge_05": 0.007334491237998009,
    "coverage_iou_ge_07": 0.0,
    "median_best_iou": 0.37037035822868347,
    "one_nn_separability_acc": 0.5945000052452087,
    "real_count_mean": 73.73422241210938,
    "sampled_count_mean": 74.29633331298828,
    "pc2d_span_ratio_mean": 0.6606667090146361,
    "pc2d_intersection_cover_mean": 0.6606667090146361,
    "span_trace_ratio": 0.4857228696346283,
    "span_logdet_ratio": 0.5258796811103821,
    "real_to_sampled_nn_p95": 3.4863440990448,
    "real_to_real_nn_p95": 2.3869309425354004,
    "nn_p95_ratio": 1.460596968650296,
    "chamfer_median": 0.010979173704981804,
    "chamfer_p90": 0.016516365110874176
  }
}