{
  "allegro": {
    "count_wasserstein": 0.3946458101272583,
    "occupancy_js_divergence": 0.07034379988908768,
    "coverage_iou_ge_03": 0.8223192095756531,
    "coverage_iou_ge_05": 0.009559434838593006,
    "coverage_iou_ge_07": 0.0,
    "median_best_iou": 0.3636363744735718,
    "one_nn_separability_acc": 0.5709999799728394,
    "real_count_mean": 57.39692306518555,
    "sampled_count_mean": 57.70633316040039,
    "pc2d_span_ratio_mean": 0.6232386428669274,
    "pc2d_intersection_cover_mean": 0.6232386428669274,
    "span_trace_ratio": 0.48122647404670715,
    "span_logdet_ratio": 0.5401211977005005,
    "real_to_sampled_nn_p95": 3.1139447689056396,
    "real_to_real_nn_p95": 2.1303977966308594,
    "nn_p95_ratio": 1.4616729203485948,
    "chamfer_median": 0.01685374043881893,
    "chamfer_p90": 0.02300858683884144
  },
  "barrett": {
    "count_wasserstein": 0.30837562680244446,
    "occupancy_js_divergence": 0.059455227106809616,
    "coverage_iou_ge_03": 0.9222619533538818,
    "coverage_iou_ge_05": 0.059867244213819504,
    "coverage_iou_ge_07": 0.0,
    "median_best_iou": 0.4054054021835327,
    "one_nn_separability_acc": 0.5747500061988831,
    "real_count_mean": 59.96055603027344,
    "sampled_count_mean": 59.82733154296875,
    "pc2d_span_ratio_mean": 0.6796289921724861,
    "pc2d_intersection_cover_mean": 0.6796289921724861,
    "span_trace_ratio": 0.653194010257721,
    "span_logdet_ratio": 0.7326106429100037,
    "real_to_sampled_nn_p95": 3.2642312049865723,
    "real_to_real_nn_p95": 2.130314350128174,
    "nn_p95_ratio": 1.532276776331237,
    "chamfer_median": 0.012716629542410374,
    "chamfer_p90": 0.015891533344984055
  },
  "ezgripper": {
    "count_wasserstein": 0.7309759259223938,
    "occupancy_js_divergence": 0.09307168424129486,
    "coverage_iou_ge_03": 0.9939074516296387,
    "coverage_iou_ge_05": 0.8002634644508362,
    "coverage_iou_ge_07": 0.09270541369915009,
    "median_best_iou": 0.5939394235610962,
    "one_nn_separability_acc": 0.6672499775886536,
    "real_count_mean": 92.04330444335938,
    "sampled_count_mean": 92.57499694824219,
    "pc2d_span_ratio_mean": 0.9105376342030037,
    "pc2d_intersection_cover_mean": 0.8753121492383024,
    "span_trace_ratio": 0.901432454586029,
    "span_logdet_ratio": 0.9143304824829102,
    "real_to_sampled_nn_p95": 2.7625303268432617,
    "real_to_real_nn_p95": 2.151132345199585,
    "nn_p95_ratio": 1.2842214627138389,
    "chamfer_median": 0.005243551917374134,
    "chamfer_p90": 0.007639760617166758
  },
  "robotiq_3finger": {
    "count_wasserstein": 0.34507453441619873,
    "occupancy_js_divergence": 0.052791155874729156,
    "coverage_iou_ge_03": 0.9409722089767456,
    "coverage_iou_ge_05": 0.2743055522441864,
    "coverage_iou_ge_07": 0.008101851679384708,
    "median_best_iou": 0.4285714328289032,
    "one_nn_separability_acc": 0.6054469347000122,
    "real_count_mean": 22.057870864868164,
    "sampled_count_mean": 22.393999099731445,
    "pc2d_span_ratio_mean": 0.7362535102336503,
    "pc2d_intersection_cover_mean": 0.7362535102336503,
    "span_trace_ratio": 0.5601469874382019,
    "span_logdet_ratio": 0.5973474383354187,
    "real_to_sampled_nn_p95": 1.9503823518753052,
    "real_to_real_nn_p95": 1.6898236274719238,
    "nn_p95_ratio": 1.1541928519446687,
    "chamfer_median": 0.012878524139523506,
    "chamfer_p90": 0.019535161554813385
  },
  "shadowhand": {
    "count_wasserstein": 0.655584454536438,
    "occupancy_js_divergence": 0.05036555975675583,
    "coverage_iou_ge_03": 0.8849642872810364,
    "coverage_iou_ge_05": 0.024898668751120567,
    "coverage_iou_ge_07": 0.0,
    "median_best_iou": 0.3805970251560211,
    "one_nn_separability_acc": 0.5997499823570251,
    "real_count_mean": 73.73422241210938,
    "sampled_count_mean": 74.20066833496094,
    "pc2d_span_ratio_mean": 0.7000628910574567,
    "pc2d_intersection_cover_mean": 0.7000628910574567,
    "span_trace_ratio": 0.5463324189186096,
    "span_logdet_ratio": 0.5977299809455872,
    "real_to_sampled_nn_p95": 3.348987340927124,
    "real_to_real_nn_p95": 2.3869309425354004,
    "nn_p95_ratio": 1.403051626357412,
    "chamfer_median": 0.01111763808876276,
    "chamfer_p90": 0.015744591131806374
  }
}