{
  "allegro": {
    "count_wasserstein": 0.15693429112434387,
    "occupancy_js_divergence": 0.08571764826774597,
    "coverage_iou_ge_03": 0.8640897870063782,
    "coverage_iou_ge_05": 0.01184538658708334,
    "coverage_iou_ge_07": 0.0,
    "median_best_iou": 0.3684210479259491,
    "one_nn_separability_acc": 0.640156626701355,
    "real_count_mean": 57.39692306518555,
    "sampled_count_mean": 57.40829849243164,
    "pc2d_span_ratio_mean": 0.582780899249547,
    "pc2d_intersection_cover_mean": 0.582780899249547,
    "span_trace_ratio": 0.39942651987075806,
    "span_logdet_ratio": 0.44811010360717773,
    "real_to_sampled_nn_p95": 3.4178361892700195,
    "real_to_real_nn_p95": 2.1303977966308594,
    "nn_p95_ratio": 1.6043183083812766
  },
  "barrett": {
    "count_wasserstein": 0.2803403437137604,
    "occupancy_js_divergence": 0.07204527407884598,
    "coverage_iou_ge_03": 0.9369415640830994,
    "coverage_iou_ge_05": 0.08667347580194473,
    "coverage_iou_ge_07": 0.0,
    "median_best_iou": 0.4140625,
    "one_nn_separability_acc": 0.6138275265693665,
    "real_count_mean": 59.96055603027344,
    "sampled_count_mean": 60.19200134277344,
    "pc2d_span_ratio_mean": 0.6562019218071433,
    "pc2d_intersection_cover_mean": 0.6562019218071433,
    "span_trace_ratio": 0.5610671639442444,
    "span_logdet_ratio": 0.6242995858192444,
    "real_to_sampled_nn_p95": 3.2355751991271973,
    "real_to_real_nn_p95": 2.130314350128174,
    "nn_p95_ratio": 1.5188252376615328
  },
  "ezgripper": {
    "count_wasserstein": 0.29817599058151245,
    "occupancy_js_divergence": 0.12976479530334473,
    "coverage_iou_ge_03": 0.9948954582214355,
    "coverage_iou_ge_05": 0.7959822416305542,
    "coverage_iou_ge_07": 0.009385805577039719,
    "median_best_iou": 0.5833333134651184,
    "one_nn_separability_acc": 0.7660673260688782,
    "real_count_mean": 92.04330444335938,
    "sampled_count_mean": 91.93199920654297,
    "pc2d_span_ratio_mean": 0.8465639784556793,
    "pc2d_intersection_cover_mean": 0.8168359599602177,
    "span_trace_ratio": 0.781989574432373,
    "span_logdet_ratio": 0.7754061222076416,
    "real_to_sampled_nn_p95": 3.4984171390533447,
    "real_to_real_nn_p95": 2.151132345199585,
    "nn_p95_ratio": 1.6263142278811102
  },
  "robotiq_3finger": {
    "count_wasserstein": 0.10298888385295868,
    "occupancy_js_divergence": 0.07316085696220398,
    "coverage_iou_ge_03": 0.9675925970077515,
    "coverage_iou_ge_05": 0.2951388955116272,
    "coverage_iou_ge_07": 0.0069444444961845875,
    "median_best_iou": 0.4375,
    "one_nn_separability_acc": 0.8597201704978943,
    "real_count_mean": 22.057870864868164,
    "sampled_count_mean": 22.05739974975586,
    "pc2d_span_ratio_mean": 0.6625280680057921,
    "pc2d_intersection_cover_mean": 0.6625280680057921,
    "span_trace_ratio": 0.4595569372177124,
    "span_logdet_ratio": 0.4812792241573334,
    "real_to_sampled_nn_p95": 2.027069091796875,
    "real_to_real_nn_p95": 1.6898236274719238,
    "nn_p95_ratio": 1.1995743572537747
  },
  "shadowhand": {
    "count_wasserstein": 0.3008250594139099,
    "occupancy_js_divergence": 0.06626252084970474,
    "coverage_iou_ge_03": 0.9135302305221558,
    "coverage_iou_ge_05": 0.032233159989118576,
    "coverage_iou_ge_07": 0.0,
    "median_best_iou": 0.38461539149284363,
    "one_nn_separability_acc": 0.6700480580329895,
    "real_count_mean": 73.73422241210938,
    "sampled_count_mean": 73.46050262451172,
    "pc2d_span_ratio_mean": 0.6276937521809951,
    "pc2d_intersection_cover_mean": 0.6276937521809951,
    "span_trace_ratio": 0.4358714818954468,
    "span_logdet_ratio": 0.47058793902397156,
    "real_to_sampled_nn_p95": 3.530383586883545,
    "real_to_real_nn_p95": 2.3869309425354004,
    "nn_p95_ratio": 1.479047225025106
  }
}