{
  "allegro": {
    "count_wasserstein": 6.437221050262451,
    "occupancy_js_divergence": 0.07654386013746262,
    "coverage_iou_ge_03": 0.9397339820861816,
    "coverage_iou_ge_05": 0.03491271659731865,
    "coverage_iou_ge_07": 0.0,
    "median_best_iou": 0.3956044018268585,
    "one_nn_separability_acc": 0.9153913855552673,
    "real_count_mean": 57.39692306518555,
    "sampled_count_mean": 61.74449157714844,
    "feature_mode_used": "mask_only",
    "pc2d_span_ratio_mean": 0.6127664059470687,
    "pc2d_intersection_cover_mean": 0.6127664059470687,
    "span_trace_ratio": 0.4663209319114685,
    "span_logdet_ratio": 0.5178541541099548,
    "real_to_sampled_nn_p95": 3.272667646408081,
    "real_to_real_nn_p95": 2.1303977966308594,
    "nn_p95_ratio": 1.5361767889469642
  },
  "barrett": {
    "count_wasserstein": 7.563449859619141,
    "occupancy_js_divergence": 0.06922624260187149,
    "coverage_iou_ge_03": 0.9682154655456543,
    "coverage_iou_ge_05": 0.14181771874427795,
    "coverage_iou_ge_07": 0.0,
    "median_best_iou": 0.4351145029067993,
    "one_nn_separability_acc": 0.8670363426208496,
    "real_count_mean": 59.96055603027344,
    "sampled_count_mean": 65.98597717285156,
    "feature_mode_used": "mask_only",
    "pc2d_span_ratio_mean": 0.6667751825929252,
    "pc2d_intersection_cover_mean": 0.6667751825929252,
    "span_trace_ratio": 0.6164347529411316,
    "span_logdet_ratio": 0.6904348134994507,
    "real_to_sampled_nn_p95": 3.071409225463867,
    "real_to_real_nn_p95": 2.130314350128174,
    "nn_p95_ratio": 1.4417633835490387
  },
  "ezgripper": {
    "count_wasserstein": 18.74276351928711,
    "occupancy_js_divergence": 0.11642038077116013,
    "coverage_iou_ge_03": 0.9978593587875366,
    "coverage_iou_ge_05": 0.8508150577545166,
    "coverage_iou_ge_07": 0.015972336754202843,
    "median_best_iou": 0.574999988079071,
    "one_nn_separability_acc": 0.9291619658470154,
    "real_count_mean": 92.04330444335938,
    "sampled_count_mean": 74.2668685913086,
    "feature_mode_used": "mask_only",
    "pc2d_span_ratio_mean": 0.7630641981598809,
    "pc2d_intersection_cover_mean": 0.7463420404191915,
    "span_trace_ratio": 0.7029789686203003,
    "span_logdet_ratio": 0.7427065372467041,
    "real_to_sampled_nn_p95": 4.203864574432373,
    "real_to_real_nn_p95": 2.151132345199585,
    "nn_p95_ratio": 1.9542565959800733
  },
  "robotiq_3finger": {
    "count_wasserstein": 3.9157981872558594,
    "occupancy_js_divergence": 0.07998187839984894,
    "coverage_iou_ge_03": 0.9907407164573669,
    "coverage_iou_ge_05": 0.46759259700775146,
    "coverage_iou_ge_07": 0.019675925374031067,
    "median_best_iou": 0.47999998927116394,
    "one_nn_separability_acc": 0.9829176068305969,
    "real_count_mean": 22.057870864868164,
    "sampled_count_mean": 25.060819625854492,
    "feature_mode_used": "mask_only",
    "pc2d_span_ratio_mean": 0.6903236738341487,
    "pc2d_intersection_cover_mean": 0.6903236738341487,
    "span_trace_ratio": 0.5228238105773926,
    "span_logdet_ratio": 0.5515785217285156,
    "real_to_sampled_nn_p95": 1.9025161266326904,
    "real_to_real_nn_p95": 1.6898236274719238,
    "nn_p95_ratio": 1.1258666855540227
  },
  "shadowhand": {
    "count_wasserstein": 17.60516357421875,
    "occupancy_js_divergence": 0.06138793006539345,
    "coverage_iou_ge_03": 0.9550279974937439,
    "coverage_iou_ge_05": 0.032233159989118576,
    "coverage_iou_ge_07": 0.0,
    "median_best_iou": 0.4040403962135315,
    "one_nn_separability_acc": 0.9123415946960449,
    "real_count_mean": 73.73422241210938,
    "sampled_count_mean": 90.08287048339844,
    "feature_mode_used": "mask_only",
    "pc2d_span_ratio_mean": 0.6495701620062264,
    "pc2d_intersection_cover_mean": 0.6495701620062264,
    "span_trace_ratio": 0.5430053472518921,
    "span_logdet_ratio": 0.5892772078514099,
    "real_to_sampled_nn_p95": 3.413329601287842,
    "real_to_real_nn_p95": 2.3869309425354004,
    "nn_p95_ratio": 1.4300076891467164
  }
}