{
  "count_wasserstein": 0.41755563020706177,
  "occupancy_js_divergence": 0.0939747616648674,
  "coverage_iou_ge_03": 0.7106481194496155,
  "coverage_iou_ge_05": 0.02083333395421505,
  "coverage_iou_ge_07": 0.0011574074160307646,
  "median_best_iou": 0.3333333432674408,
  "one_nn_separability_acc": 0.596717894077301,
  "real_count_mean": 22.057870864868164,
  "sampled_count_mean": 21.64550018310547,
  "chamfer_median": 0.014956428669393063,
  "chamfer_p90": 0.02094613015651703
}