{
  "count_wasserstein": 0.4673706591129303,
  "occupancy_js_divergence": 0.056907542049884796,
  "coverage_iou_ge_03": 0.9386574029922485,
  "coverage_iou_ge_05": 0.2291666716337204,
  "coverage_iou_ge_07": 0.0069444444961845875,
  "median_best_iou": 0.4166666567325592,
  "one_nn_separability_acc": 0.6026536226272583,
  "real_count_mean": 22.057870864868164,
  "sampled_count_mean": 21.65999984741211,
  "pc2d_span_ratio_mean": 0.697165884840625,
  "pc2d_intersection_cover_mean": 0.697165884840625,
  "span_trace_ratio": 0.5154492259025574,
  "span_logdet_ratio": 0.5471933484077454,
  "real_to_sampled_nn_p95": 1.9624625444412231,
  "real_to_real_nn_p95": 1.6898236274719238,
  "nn_p95_ratio": 1.161341640948164,
  "chamfer_median": 0.012401415035128593,
  "chamfer_p90": 0.02017824910581112
}