{
  "allegro": {
    "count_wasserstein": 0.9466531276702881,
    "occupancy_js_divergence": 0.07327616959810257,
    "coverage_iou_ge_03": 0.7857439517974854,
    "coverage_iou_ge_05": 0.005403158720582724,
    "coverage_iou_ge_07": 0.0,
    "median_best_iou": 0.3529411852359772,
    "one_nn_separability_acc": 0.5690000057220459,
    "real_count_mean": 57.39692306518555,
    "sampled_count_mean": 57.76499938964844,
    "chamfer_median": 0.01593494415283203,
    "chamfer_p90": 0.021559622138738632
  },
  "barrett": {
    "count_wasserstein": 1.3006012439727783,
    "occupancy_js_divergence": 0.0631086528301239,
    "coverage_iou_ge_03": 0.8923921585083008,
    "coverage_iou_ge_05": 0.04237937182188034,
    "coverage_iou_ge_07": 0.0,
    "median_best_iou": 0.3947368562221527,
    "one_nn_separability_acc": 0.5842499732971191,
    "real_count_mean": 59.96055603027344,
    "sampled_count_mean": 61.14799880981445,
    "chamfer_median": 0.012892238795757294,
    "chamfer_p90": 0.016418633982539177
  },
  "ezgripper": {
    "count_wasserstein": 1.047834038734436,
    "occupancy_js_divergence": 0.10274451971054077,
    "coverage_iou_ge_03": 0.9899555444717407,
    "coverage_iou_ge_05": 0.7755639553070068,
    "coverage_iou_ge_07": 0.09352873265743256,
    "median_best_iou": 0.5775862336158752,
    "one_nn_separability_acc": 0.6747499704360962,
    "real_count_mean": 92.04330444335938,
    "sampled_count_mean": 92.9229965209961,
    "chamfer_median": 0.005531793460249901,
    "chamfer_p90": 0.00764305517077446
  },
  "robotiq_3finger": {
    "count_wasserstein": 0.35757333040237427,
    "occupancy_js_divergence": 0.05559787154197693,
    "coverage_iou_ge_03": 0.9097222089767456,
    "coverage_iou_ge_05": 0.22337962687015533,
    "coverage_iou_ge_07": 0.011574073694646358,
    "median_best_iou": 0.4166666567325592,
    "one_nn_separability_acc": 0.5858938694000244,
    "real_count_mean": 22.057870864868164,
    "sampled_count_mean": 22.141000747680664,
    "chamfer_median": 0.013432483188807964,
    "chamfer_p90": 0.019318554550409317
  },
  "shadowhand": {
    "count_wasserstein": 0.8797289133071899,
    "occupancy_js_divergence": 0.050292227417230606,
    "coverage_iou_ge_03": 0.8311136960983276,
    "coverage_iou_ge_05": 0.011773789301514626,
    "coverage_iou_ge_07": 0.0,
    "median_best_iou": 0.3636363744735718,
    "one_nn_separability_acc": 0.5425000190734863,
    "real_count_mean": 73.73422241210938,
    "sampled_count_mean": 73.81749725341797,
    "chamfer_median": 0.01122153177857399,
    "chamfer_p90": 0.01603023149073124
  }
}