{
  "count_wasserstein": 18.507827758789062,
  "occupancy_js_divergence": 0.29884248971939087,
  "coverage_iou_ge_03": 0.6315383315086365,
  "coverage_iou_ge_05": 0.004632310476154089,
  "coverage_iou_ge_07": 0.0,
  "median_best_iou": 0.3191489279270172,
  "one_nn_separability_acc": 0.8535000085830688,
  "real_count_mean": 73.73422241210938,
  "sampled_count_mean": 89.8863296508789,
  "pc2d_span_ratio_mean": 0.6288881579030015,
  "pc2d_intersection_cover_mean": 0.6120357364644395,
  "span_trace_ratio": 0.3156631588935852,
  "span_logdet_ratio": 0.31001758575439453,
  "real_to_sampled_nn_p95": 4.038216590881348,
  "real_to_real_nn_p95": 2.3869309425354004,
  "nn_p95_ratio": 1.6918028581890812
}