{"_step":34,"_wandb":{"runtime":6},"_runtime":6,"train/loss":0.02845066785812378,"step":34,"epoch":0,"_timestamp":1.7677423467985427e+09}