{
  "count_wasserstein": 0.3946458101272583,
  "occupancy_js_divergence": 0.07034379988908768,
  "coverage_iou_ge_03": 0.8223192095756531,
  "coverage_iou_ge_05": 0.009559434838593006,
  "coverage_iou_ge_07": 0.0,
  "median_best_iou": 0.3636363744735718,
  "one_nn_separability_acc": 0.5709999799728394,
  "real_count_mean": 57.39692306518555,
  "sampled_count_mean": 57.70633316040039,
  "pc2d_span_ratio_mean": 0.6232386428669274,
  "pc2d_intersection_cover_mean": 0.6232386428669274,
  "span_trace_ratio": 0.48122647404670715,
  "span_logdet_ratio": 0.5401211977005005,
  "real_to_sampled_nn_p95": 3.1139447689056396,
  "real_to_real_nn_p95": 2.1303977966308594,
  "nn_p95_ratio": 1.4616729203485948,
  "chamfer_median": 0.01685374043881893,
  "chamfer_p90": 0.02300858683884144
}