{
  "allegro": {
    "count_wasserstein": 0.2344474196434021,
    "occupancy_js_divergence": 0.0830702930688858,
    "coverage_iou_ge_03": 0.8769742250442505,
    "coverage_iou_ge_05": 0.013300083577632904,
    "coverage_iou_ge_07": 0.0,
    "median_best_iou": 0.3761467933654785,
    "one_nn_separability_acc": 0.6019999980926514,
    "real_count_mean": 57.39692306518555,
    "sampled_count_mean": 57.52730178833008,
    "pc2d_span_ratio_mean": 0.5725087762868595,
    "pc2d_intersection_cover_mean": 0.5725087762868595,
    "span_trace_ratio": 0.40671494603157043,
    "span_logdet_ratio": 0.45384907722473145,
    "real_to_sampled_nn_p95": 3.472219228744507,
    "real_to_real_nn_p95": 2.1303977966308594,
    "nn_p95_ratio": 1.6298454843671382
  },
  "barrett": {
    "count_wasserstein": 0.22161421179771423,
    "occupancy_js_divergence": 0.06994586437940598,
    "coverage_iou_ge_03": 0.9428133964538574,
    "coverage_iou_ge_05": 0.09369415044784546,
    "coverage_iou_ge_07": 0.0001276487164432183,
    "median_best_iou": 0.4166666567325592,
    "one_nn_separability_acc": 0.625,
    "real_count_mean": 59.96055603027344,
    "sampled_count_mean": 59.823699951171875,
    "pc2d_span_ratio_mean": 0.6523509619937415,
    "pc2d_intersection_cover_mean": 0.6523509619937415,
    "span_trace_ratio": 0.5541278123855591,
    "span_logdet_ratio": 0.6157647371292114,
    "real_to_sampled_nn_p95": 3.301689386367798,
    "real_to_real_nn_p95": 2.130314350128174,
    "nn_p95_ratio": 1.5498601819816622
  },
  "ezgripper": {
    "count_wasserstein": 0.3699307441711426,
    "occupancy_js_divergence": 0.12642653286457062,
    "coverage_iou_ge_03": 0.9958834052085876,
    "coverage_iou_ge_05": 0.8061913251876831,
    "coverage_iou_ge_07": 0.07887370139360428,
    "median_best_iou": 0.5874999761581421,
    "one_nn_separability_acc": 0.7279999852180481,
    "real_count_mean": 92.04330444335938,
    "sampled_count_mean": 92.35449981689453,
    "pc2d_span_ratio_mean": 0.8560263798415633,
    "pc2d_intersection_cover_mean": 0.825792607940939,
    "span_trace_ratio": 0.7990487813949585,
    "span_logdet_ratio": 0.7904396057128906,
    "real_to_sampled_nn_p95": 3.5898234844207764,
    "real_to_real_nn_p95": 2.151132345199585,
    "nn_p95_ratio": 1.6688064276620358
  },
  "robotiq_3finger": {
    "count_wasserstein": 0.19430774450302124,
    "occupancy_js_divergence": 0.072016641497612,
    "coverage_iou_ge_03": 0.9745370149612427,
    "coverage_iou_ge_05": 0.33449074625968933,
    "coverage_iou_ge_07": 0.009259259328246117,
    "median_best_iou": 0.4444444477558136,
    "one_nn_separability_acc": 0.653282105922699,
    "real_count_mean": 22.057870864868164,
    "sampled_count_mean": 21.87649917602539,
    "pc2d_span_ratio_mean": 0.6835496886866691,
    "pc2d_intersection_cover_mean": 0.6835496886866691,
    "span_trace_ratio": 0.4530772268772125,
    "span_logdet_ratio": 0.47471269965171814,
    "real_to_sampled_nn_p95": 1.9554699659347534,
    "real_to_real_nn_p95": 1.6898236274719238,
    "nn_p95_ratio": 1.1572035886728913
  },
  "shadowhand": {
    "count_wasserstein": 0.31099236011505127,
    "occupancy_js_divergence": 0.06243976205587387,
    "coverage_iou_ge_03": 0.9251109957695007,
    "coverage_iou_ge_05": 0.03725149482488632,
    "coverage_iou_ge_07": 0.0,
    "median_best_iou": 0.3918918967247009,
    "one_nn_separability_acc": 0.6309999823570251,
    "real_count_mean": 73.73422241210938,
    "sampled_count_mean": 73.88999938964844,
    "pc2d_span_ratio_mean": 0.6490127253881284,
    "pc2d_intersection_cover_mean": 0.6490127253881284,
    "span_trace_ratio": 0.4584277868270874,
    "span_logdet_ratio": 0.495612770318985,
    "real_to_sampled_nn_p95": 3.5484137535095215,
    "real_to_real_nn_p95": 2.3869309425354004,
    "nn_p95_ratio": 1.4866009276918557
  }
}