{
  "allegro": {
    "count_wasserstein": 0.3759259283542633,
    "occupancy_js_divergence": 0.07095687091350555,
    "coverage_iou_ge_03": 0.8983790278434753,
    "coverage_iou_ge_05": 0.029925186187028885,
    "coverage_iou_ge_07": 0.0,
    "median_best_iou": 0.3888888955116272,
    "one_nn_separability_acc": 0.5847499966621399,
    "real_count_mean": 57.39692306518555,
    "sampled_count_mean": 57.23030090332031,
    "pc2d_span_ratio_mean": 0.6289536787572911,
    "pc2d_intersection_cover_mean": 0.6289536787572911,
    "span_trace_ratio": 0.46172985434532166,
    "span_logdet_ratio": 0.521210789680481,
    "real_to_sampled_nn_p95": 3.133661985397339,
    "real_to_real_nn_p95": 2.1303977966308594,
    "nn_p95_ratio": 1.4709281010115118,
    "chamfer_median": 0.01691257953643799,
    "chamfer_p90": 0.023070789873600006
  },
  "barrett": {
    "count_wasserstein": 0.41051894426345825,
    "occupancy_js_divergence": 0.061393238604068756,
    "coverage_iou_ge_03": 0.9489405155181885,
    "coverage_iou_ge_05": 0.12496808916330338,
    "coverage_iou_ge_07": 0.0,
    "median_best_iou": 0.42500001192092896,
    "one_nn_separability_acc": 0.593500018119812,
    "real_count_mean": 59.96055603027344,
    "sampled_count_mean": 59.8307991027832,
    "pc2d_span_ratio_mean": 0.6816929440740447,
    "pc2d_intersection_cover_mean": 0.6816929440740447,
    "span_trace_ratio": 0.6135994791984558,
    "span_logdet_ratio": 0.6991969347000122,
    "real_to_sampled_nn_p95": 3.1616153717041016,
    "real_to_real_nn_p95": 2.130314350128174,
    "nn_p95_ratio": 1.4841074377187,
    "chamfer_median": 0.013133740052580833,
    "chamfer_p90": 0.018402352929115295
  },
  "ezgripper": {
    "count_wasserstein": 0.9311287999153137,
    "occupancy_js_divergence": 0.10236971080303192,
    "coverage_iou_ge_03": 0.995718777179718,
    "coverage_iou_ge_05": 0.8499917387962341,
    "coverage_iou_ge_07": 0.13963444530963898,
    "median_best_iou": 0.6060606241226196,
    "one_nn_separability_acc": 0.7107499837875366,
    "real_count_mean": 92.04330444335938,
    "sampled_count_mean": 91.25990295410156,
    "pc2d_span_ratio_mean": 0.8645030356563752,
    "pc2d_intersection_cover_mean": 0.8364118287357746,
    "span_trace_ratio": 0.8568024039268494,
    "span_logdet_ratio": 0.8857628107070923,
    "real_to_sampled_nn_p95": 3.044475555419922,
    "real_to_real_nn_p95": 2.151132345199585,
    "nn_p95_ratio": 1.415289748310419,
    "chamfer_median": 0.005016299895942211,
    "chamfer_p90": 0.007788676768541336
  },
  "robotiq_3finger": {
    "count_wasserstein": 0.18255212903022766,
    "occupancy_js_divergence": 0.0572672039270401,
    "coverage_iou_ge_03": 0.9780092835426331,
    "coverage_iou_ge_05": 0.36921295523643494,
    "coverage_iou_ge_07": 0.015046296641230583,
    "median_best_iou": 0.4545454680919647,
    "one_nn_separability_acc": 0.6256983280181885,
    "real_count_mean": 22.057870864868164,
    "sampled_count_mean": 21.937700271606445,
    "pc2d_span_ratio_mean": 0.7077196169638584,
    "pc2d_intersection_cover_mean": 0.7077196169638584,
    "span_trace_ratio": 0.5260552167892456,
    "span_logdet_ratio": 0.5580443143844604,
    "real_to_sampled_nn_p95": 1.9726382493972778,
    "real_to_real_nn_p95": 1.6898236274719238,
    "nn_p95_ratio": 1.1673633965862233,
    "chamfer_median": 0.015488016419112682,
    "chamfer_p90": 0.022186221554875374
  },
  "shadowhand": {
    "count_wasserstein": 0.5792091488838196,
    "occupancy_js_divergence": 0.049358949065208435,
    "coverage_iou_ge_03": 0.9233738780021667,
    "coverage_iou_ge_05": 0.05404362082481384,
    "coverage_iou_ge_07": 0.0,
    "median_best_iou": 0.39772728085517883,
    "one_nn_separability_acc": 0.6172500252723694,
    "real_count_mean": 73.73422241210938,
    "sampled_count_mean": 74.2791976928711,
    "pc2d_span_ratio_mean": 0.6876418960254902,
    "pc2d_intersection_cover_mean": 0.6876418960254902,
    "span_trace_ratio": 0.49764055013656616,
    "span_logdet_ratio": 0.5384899377822876,
    "real_to_sampled_nn_p95": 3.326097011566162,
    "real_to_real_nn_p95": 2.3869309425354004,
    "nn_p95_ratio": 1.3934617681201864,
    "chamfer_median": 0.011822758242487907,
    "chamfer_p90": 0.01693933829665184
  }
}