{
  "count_wasserstein": 0.09298133850097656,
  "occupancy_js_divergence": 0.07344688475131989,
  "coverage_iou_ge_03": 0.9722222089767456,
  "coverage_iou_ge_05": 0.32175925374031067,
  "coverage_iou_ge_07": 0.0069444444961845875,
  "median_best_iou": 0.44117647409439087,
  "one_nn_separability_acc": 0.6270949840545654,
  "real_count_mean": 22.057870864868164,
  "sampled_count_mean": 22.13170051574707,
  "pc2d_span_ratio_mean": 0.6505059930360693,
  "pc2d_intersection_cover_mean": 0.6505059930360693,
  "span_trace_ratio": 0.42856141924858093,
  "span_logdet_ratio": 0.45398563146591187,
  "real_to_sampled_nn_p95": 1.9706929922103882,
  "real_to_real_nn_p95": 1.6898236274719238,
  "nn_p95_ratio": 1.166212236692809
}