{
  "count_wasserstein": 0.6623669266700745,
  "occupancy_js_divergence": 0.06296423822641373,
  "coverage_iou_ge_03": 0.7799652814865112,
  "coverage_iou_ge_05": 0.006369426846504211,
  "coverage_iou_ge_07": 0.0,
  "median_best_iou": 0.3482142984867096,
  "one_nn_separability_acc": 0.5537499785423279,
  "real_count_mean": 73.73422241210938,
  "sampled_count_mean": 74.25749969482422,
  "chamfer_median": 0.01196558028459549,
  "chamfer_p90": 0.01540505699813366
}