{
  "count_wasserstein": 7.563449859619141,
  "occupancy_js_divergence": 0.06922624260187149,
  "coverage_iou_ge_03": 0.9682154655456543,
  "coverage_iou_ge_05": 0.14181771874427795,
  "coverage_iou_ge_07": 0.0,
  "median_best_iou": 0.4351145029067993,
  "one_nn_separability_acc": 0.8670363426208496,
  "real_count_mean": 59.96055603027344,
  "sampled_count_mean": 65.98597717285156,
  "feature_mode_used": "mask_only",
  "pc2d_span_ratio_mean": 0.6667751825929252,
  "pc2d_intersection_cover_mean": 0.6667751825929252,
  "span_trace_ratio": 0.6164347529411316,
  "span_logdet_ratio": 0.6904348134994507,
  "real_to_sampled_nn_p95": 3.071409225463867,
  "real_to_real_nn_p95": 2.130314350128174,
  "nn_p95_ratio": 1.4417633835490387
}