{
  "count_wasserstein": 17.60516357421875,
  "occupancy_js_divergence": 0.06138793006539345,
  "coverage_iou_ge_03": 0.9550279974937439,
  "coverage_iou_ge_05": 0.032233159989118576,
  "coverage_iou_ge_07": 0.0,
  "median_best_iou": 0.4040403962135315,
  "one_nn_separability_acc": 0.9123415946960449,
  "real_count_mean": 73.73422241210938,
  "sampled_count_mean": 90.08287048339844,
  "feature_mode_used": "mask_only",
  "pc2d_span_ratio_mean": 0.6495701620062264,
  "pc2d_intersection_cover_mean": 0.6495701620062264,
  "span_trace_ratio": 0.5430053472518921,
  "span_logdet_ratio": 0.5892772078514099,
  "real_to_sampled_nn_p95": 3.413329601287842,
  "real_to_real_nn_p95": 2.3869309425354004,
  "nn_p95_ratio": 1.4300076891467164
}