{
  "allegro": {
    "count_wasserstein": 0.5258508920669556,
    "occupancy_js_divergence": 0.08659772574901581,
    "coverage_iou_ge_03": 0.8730257749557495,
    "coverage_iou_ge_05": 0.009767248295247555,
    "coverage_iou_ge_07": 0.0,
    "median_best_iou": 0.375,
    "one_nn_separability_acc": 0.5662500262260437,
    "real_count_mean": 57.39692306518555,
    "sampled_count_mean": 57.919700622558594,
    "pc2d_span_ratio_mean": 0.5765137886909966,
    "pc2d_intersection_cover_mean": 0.5765137886909966,
    "span_trace_ratio": 0.40116605162620544,
    "span_logdet_ratio": 0.4496248960494995,
    "real_to_sampled_nn_p95": 3.356233596801758,
    "real_to_real_nn_p95": 2.1303977966308594,
    "nn_p95_ratio": 1.5754023037901699
  },
  "barrett": {
    "count_wasserstein": 0.24963068962097168,
    "occupancy_js_divergence": 0.07114776223897934,
    "coverage_iou_ge_03": 0.9457492828369141,
    "coverage_iou_ge_05": 0.08029104024171829,
    "coverage_iou_ge_07": 0.0002552974328864366,
    "median_best_iou": 0.4166666567325592,
    "one_nn_separability_acc": 0.6077499985694885,
    "real_count_mean": 59.96055603027344,
    "sampled_count_mean": 60.1525993347168,
    "pc2d_span_ratio_mean": 0.6750038715978548,
    "pc2d_intersection_cover_mean": 0.6750038715978548,
    "span_trace_ratio": 0.5752995610237122,
    "span_logdet_ratio": 0.6322199702262878,
    "real_to_sampled_nn_p95": 3.4242072105407715,
    "real_to_real_nn_p95": 2.130314350128174,
    "nn_p95_ratio": 1.607371799535007
  },
  "ezgripper": {
    "count_wasserstein": 0.2505609691143036,
    "occupancy_js_divergence": 0.12787210941314697,
    "coverage_iou_ge_03": 0.9958834052085876,
    "coverage_iou_ge_05": 0.7910423278808594,
    "coverage_iou_ge_07": 0.10719578713178635,
    "median_best_iou": 0.5797101259231567,
    "one_nn_separability_acc": 0.7517499923706055,
    "real_count_mean": 92.04330444335938,
    "sampled_count_mean": 92.09549713134766,
    "pc2d_span_ratio_mean": 0.8680645506679886,
    "pc2d_intersection_cover_mean": 0.8255223625396446,
    "span_trace_ratio": 0.7948538661003113,
    "span_logdet_ratio": 0.7798178195953369,
    "real_to_sampled_nn_p95": 3.236579179763794,
    "real_to_real_nn_p95": 2.151132345199585,
    "nn_p95_ratio": 1.5045932375971502
  },
  "robotiq_3finger": {
    "count_wasserstein": 0.12357079982757568,
    "occupancy_js_divergence": 0.07252039015293121,
    "coverage_iou_ge_03": 0.9756944179534912,
    "coverage_iou_ge_05": 0.31365740299224854,
    "coverage_iou_ge_07": 0.008101851679384708,
    "median_best_iou": 0.4423076808452606,
    "one_nn_separability_acc": 0.6267458200454712,
    "real_count_mean": 22.057870864868164,
    "sampled_count_mean": 22.035600662231445,
    "pc2d_span_ratio_mean": 0.6615322268101351,
    "pc2d_intersection_cover_mean": 0.6615322268101351,
    "span_trace_ratio": 0.45473966002464294,
    "span_logdet_ratio": 0.47996675968170166,
    "real_to_sampled_nn_p95": 1.9153075218200684,
    "real_to_real_nn_p95": 1.6898236274719238,
    "nn_p95_ratio": 1.1334363484344705
  },
  "shadowhand": {
    "count_wasserstein": 0.3010280132293701,
    "occupancy_js_divergence": 0.06641247868537903,
    "coverage_iou_ge_03": 0.9254969954490662,
    "coverage_iou_ge_05": 0.02451264299452305,
    "coverage_iou_ge_07": 0.0,
    "median_best_iou": 0.3888888955116272,
    "one_nn_separability_acc": 0.6545000076293945,
    "real_count_mean": 73.73422241210938,
    "sampled_count_mean": 73.50599670410156,
    "pc2d_span_ratio_mean": 0.629264159326343,
    "pc2d_intersection_cover_mean": 0.629264159326343,
    "span_trace_ratio": 0.45438241958618164,
    "span_logdet_ratio": 0.4987938404083252,
    "real_to_sampled_nn_p95": 3.4879937171936035,
    "real_to_real_nn_p95": 2.3869309425354004,
    "nn_p95_ratio": 1.4612880729128481
  }
}