{
  "count_wasserstein": 0.2390487790107727,
  "occupancy_js_divergence": 0.0852513387799263,
  "coverage_iou_ge_03": 0.8703241944313049,
  "coverage_iou_ge_05": 0.007273483090102673,
  "coverage_iou_ge_07": 0.0,
  "median_best_iou": 0.3695652186870575,
  "one_nn_separability_acc": 0.6037499904632568,
  "real_count_mean": 57.39692306518555,
  "sampled_count_mean": 57.37799835205078,
  "pc2d_span_ratio_mean": 0.5784479450219473,
  "pc2d_intersection_cover_mean": 0.5784479450219473,
  "span_trace_ratio": 0.405679851770401,
  "span_logdet_ratio": 0.4540134072303772,
  "real_to_sampled_nn_p95": 3.465559482574463,
  "real_to_real_nn_p95": 2.1303977966308594,
  "nn_p95_ratio": 1.6267194267920806
}