{
  "count_wasserstein": 0.3495003581047058,
  "occupancy_js_divergence": 0.06612478196620941,
  "coverage_iou_ge_03": 0.9177764654159546,
  "coverage_iou_ge_05": 0.03030303120613098,
  "coverage_iou_ge_07": 0.0,
  "median_best_iou": 0.38743454217910767,
  "one_nn_separability_acc": 0.6439999938011169,
  "real_count_mean": 73.73422241210938,
  "sampled_count_mean": 74.05860137939453,
  "pc2d_span_ratio_mean": 0.6196724801131612,
  "pc2d_intersection_cover_mean": 0.6196724801131612,
  "span_trace_ratio": 0.44672587513923645,
  "span_logdet_ratio": 0.4908592402935028,
  "real_to_sampled_nn_p95": 3.699622392654419,
  "real_to_real_nn_p95": 2.3869309425354004,
  "nn_p95_ratio": 1.5499494881593334
}