{
  "allegro": {
    "count_wasserstein": 9.041097640991211,
    "occupancy_js_divergence": 0.3248109817504883,
    "coverage_iou_ge_03": 0.413133829832077,
    "coverage_iou_ge_05": 0.004364089574664831,
    "coverage_iou_ge_07": 0.0,
    "median_best_iou": 0.2871287167072296,
    "one_nn_separability_acc": 0.8037499785423279,
    "real_count_mean": 57.39692306518555,
    "sampled_count_mean": 63.50199890136719,
    "pc2d_span_ratio_mean": 0.49720888276514186,
    "pc2d_intersection_cover_mean": 0.49720888276514186,
    "span_trace_ratio": 0.2219095528125763,
    "span_logdet_ratio": 0.23913942277431488,
    "real_to_sampled_nn_p95": 3.9557926654815674,
    "real_to_real_nn_p95": 2.1303977966308594,
    "nn_p95_ratio": 1.8568328749388956
  },
  "barrett": {
    "count_wasserstein": 11.175868034362793,
    "occupancy_js_divergence": 0.36337748169898987,
    "coverage_iou_ge_03": 0.4368138909339905,
    "coverage_iou_ge_05": 0.0057441918179392815,
    "coverage_iou_ge_07": 0.0,
    "median_best_iou": 0.28985506296157837,
    "one_nn_separability_acc": 0.9139999747276306,
    "real_count_mean": 59.96055603027344,
    "sampled_count_mean": 68.8826675415039,
    "pc2d_span_ratio_mean": 0.5583127978484614,
    "pc2d_intersection_cover_mean": 0.5440440272060192,
    "span_trace_ratio": 0.24342571198940277,
    "span_logdet_ratio": 0.2682023048400879,
    "real_to_sampled_nn_p95": 4.0270915031433105,
    "real_to_real_nn_p95": 2.130314350128174,
    "nn_p95_ratio": 1.8903743022249342
  },
  "ezgripper": {
    "count_wasserstein": 25.788360595703125,
    "occupancy_js_divergence": 0.4413393437862396,
    "coverage_iou_ge_03": 0.8862177133560181,
    "coverage_iou_ge_05": 0.02157088741660118,
    "coverage_iou_ge_07": 0.0,
    "median_best_iou": 0.347457617521286,
    "one_nn_separability_acc": 0.9509999752044678,
    "real_count_mean": 92.04330444335938,
    "sampled_count_mean": 74.68800354003906,
    "pc2d_span_ratio_mean": 0.5440408770342028,
    "pc2d_intersection_cover_mean": 0.47284394622772996,
    "span_trace_ratio": 0.22815309464931488,
    "span_logdet_ratio": 0.23932242393493652,
    "real_to_sampled_nn_p95": 6.324155330657959,
    "real_to_real_nn_p95": 2.151132345199585,
    "nn_p95_ratio": 2.939919221971996
  },
  "robotiq_3finger": {
    "count_wasserstein": 3.2895562648773193,
    "occupancy_js_divergence": 0.4067434072494507,
    "coverage_iou_ge_03": 0.6493055820465088,
    "coverage_iou_ge_05": 0.061342593282461166,
    "coverage_iou_ge_07": 0.0,
    "median_best_iou": 0.3333333432674408,
    "one_nn_separability_acc": 0.8795391321182251,
    "real_count_mean": 22.057870864868164,
    "sampled_count_mean": 19.08066749572754,
    "pc2d_span_ratio_mean": 0.34343168334569474,
    "pc2d_intersection_cover_mean": 0.34343168334569474,
    "span_trace_ratio": 0.08631759136915207,
    "span_logdet_ratio": 0.0924195647239685,
    "real_to_sampled_nn_p95": 2.9035849571228027,
    "real_to_real_nn_p95": 1.6898236274719238,
    "nn_p95_ratio": 1.7182769313426738
  },
  "shadowhand": {
    "count_wasserstein": 18.507827758789062,
    "occupancy_js_divergence": 0.29884248971939087,
    "coverage_iou_ge_03": 0.6315383315086365,
    "coverage_iou_ge_05": 0.004632310476154089,
    "coverage_iou_ge_07": 0.0,
    "median_best_iou": 0.3191489279270172,
    "one_nn_separability_acc": 0.8535000085830688,
    "real_count_mean": 73.73422241210938,
    "sampled_count_mean": 89.8863296508789,
    "pc2d_span_ratio_mean": 0.6288881579030015,
    "pc2d_intersection_cover_mean": 0.6120357364644395,
    "span_trace_ratio": 0.3156631588935852,
    "span_logdet_ratio": 0.31001758575439453,
    "real_to_sampled_nn_p95": 4.038216590881348,
    "real_to_real_nn_p95": 2.3869309425354004,
    "nn_p95_ratio": 1.6918028581890812
  }
}