{
  "count_wasserstein": 0.27782267332077026,
  "occupancy_js_divergence": 0.07011348009109497,
  "coverage_iou_ge_03": 0.9429410099983215,
  "coverage_iou_ge_05": 0.0920347198843956,
  "coverage_iou_ge_07": 0.0002552974328864366,
  "median_best_iou": 0.41747573018074036,
  "one_nn_separability_acc": 0.640250027179718,
  "real_count_mean": 59.96055603027344,
  "sampled_count_mean": 60.19380187988281,
  "pc2d_span_ratio_mean": 0.6601092275822806,
  "pc2d_intersection_cover_mean": 0.6601092275822806,
  "span_trace_ratio": 0.5576828122138977,
  "span_logdet_ratio": 0.6197370886802673,
  "real_to_sampled_nn_p95": 3.3030996322631836,
  "real_to_real_nn_p95": 2.130314350128174,
  "nn_p95_ratio": 1.5505221715586
}