{
  "allegro": {
    "count_wasserstein": 0.36851826310157776,
    "occupancy_js_divergence": 0.07881274074316025,
    "coverage_iou_ge_03": 0.8738570213317871,
    "coverage_iou_ge_05": 0.014962593093514442,
    "coverage_iou_ge_07": 0.0,
    "median_best_iou": 0.37735849618911743,
    "one_nn_separability_acc": 0.5852500200271606,
    "real_count_mean": 57.39692306518555,
    "sampled_count_mean": 57.11289978027344,
    "pc2d_span_ratio_mean": 0.584712992879261,
    "pc2d_intersection_cover_mean": 0.584712992879261,
    "span_trace_ratio": 0.40779244899749756,
    "span_logdet_ratio": 0.45716550946235657,
    "real_to_sampled_nn_p95": 3.448026657104492,
    "real_to_real_nn_p95": 2.1303977966308594,
    "nn_p95_ratio": 1.6184895903278773
  },
  "barrett": {
    "count_wasserstein": 0.16490280628204346,
    "occupancy_js_divergence": 0.06986986845731735,
    "coverage_iou_ge_03": 0.940132737159729,
    "coverage_iou_ge_05": 0.09343885630369186,
    "coverage_iou_ge_07": 0.0,
    "median_best_iou": 0.41747573018074036,
    "one_nn_separability_acc": 0.625249981880188,
    "real_count_mean": 59.96055603027344,
    "sampled_count_mean": 60.02949905395508,
    "pc2d_span_ratio_mean": 0.6720362451463804,
    "pc2d_intersection_cover_mean": 0.6720362451463804,
    "span_trace_ratio": 0.5686848163604736,
    "span_logdet_ratio": 0.6323058009147644,
    "real_to_sampled_nn_p95": 3.2861993312835693,
    "real_to_real_nn_p95": 2.130314350128174,
    "nn_p95_ratio": 1.5425889287587298
  },
  "ezgripper": {
    "count_wasserstein": 0.28937873244285583,
    "occupancy_js_divergence": 0.12527918815612793,
    "coverage_iou_ge_03": 0.9940721392631531,
    "coverage_iou_ge_05": 0.8103079199790955,
    "coverage_iou_ge_07": 0.11872221529483795,
    "median_best_iou": 0.5933333039283752,
    "one_nn_separability_acc": 0.7167500257492065,
    "real_count_mean": 92.04330444335938,
    "sampled_count_mean": 91.84750366210938,
    "pc2d_span_ratio_mean": 0.862685953453171,
    "pc2d_intersection_cover_mean": 0.8294175885152401,
    "span_trace_ratio": 0.8070899844169617,
    "span_logdet_ratio": 0.8023885488510132,
    "real_to_sampled_nn_p95": 3.2366139888763428,
    "real_to_real_nn_p95": 2.151132345199585,
    "nn_p95_ratio": 1.5046094193595725
  },
  "robotiq_3finger": {
    "count_wasserstein": 0.19705896079540253,
    "occupancy_js_divergence": 0.07358785718679428,
    "coverage_iou_ge_03": 0.9664351940155029,
    "coverage_iou_ge_05": 0.34259259700775146,
    "coverage_iou_ge_07": 0.009259259328246117,
    "median_best_iou": 0.44999998807907104,
    "one_nn_separability_acc": 0.6277933120727539,
    "real_count_mean": 22.057870864868164,
    "sampled_count_mean": 21.864700317382812,
    "pc2d_span_ratio_mean": 0.6784878521141129,
    "pc2d_intersection_cover_mean": 0.6784878521141129,
    "span_trace_ratio": 0.4466457962989807,
    "span_logdet_ratio": 0.4660046100616455,
    "real_to_sampled_nn_p95": 1.98941171169281,
    "real_to_real_nn_p95": 1.6898236274719238,
    "nn_p95_ratio": 1.1772895581233456
  },
  "shadowhand": {
    "count_wasserstein": 0.5404394865036011,
    "occupancy_js_divergence": 0.0605153851211071,
    "coverage_iou_ge_03": 0.9175834655761719,
    "coverage_iou_ge_05": 0.039953675121068954,
    "coverage_iou_ge_07": 0.0,
    "median_best_iou": 0.39080458879470825,
    "one_nn_separability_acc": 0.6259999871253967,
    "real_count_mean": 73.73422241210938,
    "sampled_count_mean": 74.04060363769531,
    "pc2d_span_ratio_mean": 0.6476798291992266,
    "pc2d_intersection_cover_mean": 0.6476798291992266,
    "span_trace_ratio": 0.4441479742527008,
    "span_logdet_ratio": 0.48069506883621216,
    "real_to_sampled_nn_p95": 3.6403863430023193,
    "real_to_real_nn_p95": 2.3869309425354004,
    "nn_p95_ratio": 1.5251326622526822
  }
}