{
  "allegro": {
    "count_wasserstein": 0.3022894561290741,
    "occupancy_js_divergence": 0.08204110711812973,
    "coverage_iou_ge_03": 0.8738570213317871,
    "coverage_iou_ge_05": 0.013507897034287453,
    "coverage_iou_ge_07": 0.0,
    "median_best_iou": 0.37719297409057617,
    "one_nn_separability_acc": 0.5932499766349792,
    "real_count_mean": 57.39692306518555,
    "sampled_count_mean": 57.61709976196289,
    "pc2d_span_ratio_mean": 0.5740572086196789,
    "pc2d_intersection_cover_mean": 0.5740572086196789,
    "span_trace_ratio": 0.40886548161506653,
    "span_logdet_ratio": 0.46059155464172363,
    "real_to_sampled_nn_p95": 3.374702215194702,
    "real_to_real_nn_p95": 2.1303977966308594,
    "nn_p95_ratio": 1.584071397619572
  },
  "barrett": {
    "count_wasserstein": 0.2746918201446533,
    "occupancy_js_divergence": 0.07079137861728668,
    "coverage_iou_ge_03": 0.9433239698410034,
    "coverage_iou_ge_05": 0.08731171488761902,
    "coverage_iou_ge_07": 0.0002552974328864366,
    "median_best_iou": 0.4166666567325592,
    "one_nn_separability_acc": 0.6150000095367432,
    "real_count_mean": 59.96055603027344,
    "sampled_count_mean": 60.17380142211914,
    "pc2d_span_ratio_mean": 0.6703618813887405,
    "pc2d_intersection_cover_mean": 0.6703618813887405,
    "span_trace_ratio": 0.5713735222816467,
    "span_logdet_ratio": 0.6315315365791321,
    "real_to_sampled_nn_p95": 3.3322153091430664,
    "real_to_real_nn_p95": 2.130314350128174,
    "nn_p95_ratio": 1.5641894863744303
  },
  "ezgripper": {
    "count_wasserstein": 0.31483137607574463,
    "occupancy_js_divergence": 0.126316636800766,
    "coverage_iou_ge_03": 0.9945660829544067,
    "coverage_iou_ge_05": 0.7991108298301697,
    "coverage_iou_ge_07": 0.1365058422088623,
    "median_best_iou": 0.5874125957489014,
    "one_nn_separability_acc": 0.7352499961853027,
    "real_count_mean": 92.04330444335938,
    "sampled_count_mean": 92.2582015991211,
    "pc2d_span_ratio_mean": 0.8676141315854251,
    "pc2d_intersection_cover_mean": 0.8231702431218212,
    "span_trace_ratio": 0.7971348762512207,
    "span_logdet_ratio": 0.7952359914779663,
    "real_to_sampled_nn_p95": 3.477316379547119,
    "real_to_real_nn_p95": 2.151132345199585,
    "nn_p95_ratio": 1.616505087335521
  },
  "robotiq_3finger": {
    "count_wasserstein": 0.17596685886383057,
    "occupancy_js_divergence": 0.07226616144180298,
    "coverage_iou_ge_03": 0.9722222089767456,
    "coverage_iou_ge_05": 0.31365740299224854,
    "coverage_iou_ge_07": 0.0069444444961845875,
    "median_best_iou": 0.44680851697921753,
    "one_nn_separability_acc": 0.61801677942276,
    "real_count_mean": 22.057870864868164,
    "sampled_count_mean": 21.895200729370117,
    "pc2d_span_ratio_mean": 0.6721396156449562,
    "pc2d_intersection_cover_mean": 0.6721396156449562,
    "span_trace_ratio": 0.45801427960395813,
    "span_logdet_ratio": 0.4865419268608093,
    "real_to_sampled_nn_p95": 1.937910556793213,
    "real_to_real_nn_p95": 1.6898236274719238,
    "nn_p95_ratio": 1.1468123212908568
  },
  "shadowhand": {
    "count_wasserstein": 0.5987424850463867,
    "occupancy_js_divergence": 0.06310541182756424,
    "coverage_iou_ge_03": 0.9254969954490662,
    "coverage_iou_ge_05": 0.03358425199985504,
    "coverage_iou_ge_07": 0.0,
    "median_best_iou": 0.39024388790130615,
    "one_nn_separability_acc": 0.656000018119812,
    "real_count_mean": 73.73422241210938,
    "sampled_count_mean": 73.24340057373047,
    "pc2d_span_ratio_mean": 0.6681593398093841,
    "pc2d_intersection_cover_mean": 0.6681593398093841,
    "span_trace_ratio": 0.46520549058914185,
    "span_logdet_ratio": 0.5038055181503296,
    "real_to_sampled_nn_p95": 3.5589709281921387,
    "real_to_real_nn_p95": 2.3869309425354004,
    "nn_p95_ratio": 1.491023835156201
  }
}