{
  "count_wasserstein": 0.22200018167495728,
  "occupancy_js_divergence": 0.07198679447174072,
  "coverage_iou_ge_03": 0.9699074029922485,
  "coverage_iou_ge_05": 0.3333333432674408,
  "coverage_iou_ge_07": 0.008101851679384708,
  "median_best_iou": 0.44680851697921753,
  "one_nn_separability_acc": 0.6215083599090576,
  "real_count_mean": 22.057870864868164,
  "sampled_count_mean": 21.84239959716797,
  "pc2d_span_ratio_mean": 0.6729153696033656,
  "pc2d_intersection_cover_mean": 0.6729153696033656,
  "span_trace_ratio": 0.44385337829589844,
  "span_logdet_ratio": 0.4710967540740967,
  "real_to_sampled_nn_p95": 1.9214251041412354,
  "real_to_real_nn_p95": 1.6898236274719238,
  "nn_p95_ratio": 1.1370565974484574
}