{
  "count_wasserstein": 18.74276351928711,
  "occupancy_js_divergence": 0.11642038077116013,
  "coverage_iou_ge_03": 0.9978593587875366,
  "coverage_iou_ge_05": 0.8508150577545166,
  "coverage_iou_ge_07": 0.015972336754202843,
  "median_best_iou": 0.574999988079071,
  "one_nn_separability_acc": 0.9291619658470154,
  "real_count_mean": 92.04330444335938,
  "sampled_count_mean": 74.2668685913086,
  "feature_mode_used": "mask_only",
  "pc2d_span_ratio_mean": 0.7630641981598809,
  "pc2d_intersection_cover_mean": 0.7463420404191915,
  "span_trace_ratio": 0.7029789686203003,
  "span_logdet_ratio": 0.7427065372467041,
  "real_to_sampled_nn_p95": 4.203864574432373,
  "real_to_real_nn_p95": 2.151132345199585,
  "nn_p95_ratio": 1.9542565959800733
}