{
  "count_wasserstein": 0.29817599058151245,
  "occupancy_js_divergence": 0.12976479530334473,
  "coverage_iou_ge_03": 0.9948954582214355,
  "coverage_iou_ge_05": 0.7959822416305542,
  "coverage_iou_ge_07": 0.009385805577039719,
  "median_best_iou": 0.5833333134651184,
  "one_nn_separability_acc": 0.7660673260688782,
  "real_count_mean": 92.04330444335938,
  "sampled_count_mean": 91.93199920654297,
  "pc2d_span_ratio_mean": 0.8465639784556793,
  "pc2d_intersection_cover_mean": 0.8168359599602177,
  "span_trace_ratio": 0.781989574432373,
  "span_logdet_ratio": 0.7754061222076416,
  "real_to_sampled_nn_p95": 3.4984171390533447,
  "real_to_real_nn_p95": 2.151132345199585,
  "nn_p95_ratio": 1.6263142278811102
}