{
  "count_wasserstein": 0.36404749751091003,
  "occupancy_js_divergence": 0.06115211918950081,
  "coverage_iou_ge_03": 0.9555782675743103,
  "coverage_iou_ge_05": 0.13837119936943054,
  "coverage_iou_ge_07": 0.0,
  "median_best_iou": 0.4285714328289032,
  "one_nn_separability_acc": 0.5947499871253967,
  "real_count_mean": 59.96055603027344,
  "sampled_count_mean": 59.64500045776367,
  "pc2d_span_ratio_mean": 0.6900516691653318,
  "pc2d_intersection_cover_mean": 0.6900516691653318,
  "span_trace_ratio": 0.6143528819084167,
  "span_logdet_ratio": 0.6924228072166443,
  "real_to_sampled_nn_p95": 3.1225483417510986,
  "real_to_real_nn_p95": 2.130314350128174,
  "nn_p95_ratio": 1.4657688155568334,
  "chamfer_median": 0.012857843190431595,
  "chamfer_p90": 0.01753309927880764
}