{
  "count_wasserstein": 0.3177754282951355,
  "occupancy_js_divergence": 0.06335429847240448,
  "coverage_iou_ge_03": 0.9229878187179565,
  "coverage_iou_ge_05": 0.03435630351305008,
  "coverage_iou_ge_07": 0.0,
  "median_best_iou": 0.3921568691730499,
  "one_nn_separability_acc": 0.6367499828338623,
  "real_count_mean": 73.73422241210938,
  "sampled_count_mean": 73.70040130615234,
  "pc2d_span_ratio_mean": 0.6444000219629941,
  "pc2d_intersection_cover_mean": 0.6444000219629941,
  "span_trace_ratio": 0.45031601190567017,
  "span_logdet_ratio": 0.48817187547683716,
  "real_to_sampled_nn_p95": 3.5388643741607666,
  "real_to_real_nn_p95": 2.3869309425354004,
  "nn_p95_ratio": 1.4826002340904683
}