{
  "allegro": {
    "count_wasserstein": 1.1853787899017334,
    "occupancy_js_divergence": 0.2703489363193512,
    "coverage_iou_ge_03": 0.19118869304656982,
    "coverage_iou_ge_05": 0.0,
    "coverage_iou_ge_07": 0.0,
    "median_best_iou": 0.25925925374031067,
    "one_nn_separability_acc": 0.7647500038146973,
    "real_count_mean": 57.39692306518555,
    "sampled_count_mean": 57.29166793823242,
    "pc2d_span_ratio_mean": 0.4537549689544299,
    "pc2d_intersection_cover_mean": 0.4537549689544299,
    "span_trace_ratio": 0.20683196187019348,
    "span_logdet_ratio": 0.23202235996723175,
    "real_to_sampled_nn_p95": 4.315441131591797,
    "real_to_real_nn_p95": 2.1303977966308594,
    "nn_p95_ratio": 2.0256503918735262,
    "chamfer_median": 0.026166826486587524,
    "chamfer_p90": 0.0346224270761013
  },
  "barrett": {
    "count_wasserstein": 1.6952929496765137,
    "occupancy_js_divergence": 0.30764657258987427,
    "coverage_iou_ge_03": 0.3290783762931824,
    "coverage_iou_ge_05": 0.0001276487164432183,
    "coverage_iou_ge_07": 0.0,
    "median_best_iou": 0.2761194109916687,
    "one_nn_separability_acc": 0.8774999976158142,
    "real_count_mean": 59.96055603027344,
    "sampled_count_mean": 59.2946662902832,
    "pc2d_span_ratio_mean": 0.47305036221569674,
    "pc2d_intersection_cover_mean": 0.4685710337654108,
    "span_trace_ratio": 0.22978423535823822,
    "span_logdet_ratio": 0.26236847043037415,
    "real_to_sampled_nn_p95": 4.247705936431885,
    "real_to_real_nn_p95": 2.130314350128174,
    "nn_p95_ratio": 1.9939338699832325,
    "chamfer_median": 0.022366303950548172,
    "chamfer_p90": 0.03158653900027275
  },
  "ezgripper": {
    "count_wasserstein": 6.127904415130615,
    "occupancy_js_divergence": 0.3827829360961914,
    "coverage_iou_ge_03": 0.9417092204093933,
    "coverage_iou_ge_05": 0.16581590473651886,
    "coverage_iou_ge_07": 0.0,
    "median_best_iou": 0.4248366057872772,
    "one_nn_separability_acc": 0.9202499985694885,
    "real_count_mean": 92.04330444335938,
    "sampled_count_mean": 87.4540023803711,
    "pc2d_span_ratio_mean": 0.618883712608348,
    "pc2d_intersection_cover_mean": 0.5518684442479324,
    "span_trace_ratio": 0.3325064480304718,
    "span_logdet_ratio": 0.34552401304244995,
    "real_to_sampled_nn_p95": 4.519743919372559,
    "real_to_real_nn_p95": 2.151132345199585,
    "nn_p95_ratio": 2.1010998832585592,
    "chamfer_median": 0.01073590386658907,
    "chamfer_p90": 0.013932356610894203
  },
  "robotiq_3finger": {
    "count_wasserstein": 0.7270739078521729,
    "occupancy_js_divergence": 0.3553771376609802,
    "coverage_iou_ge_03": 0.46412035822868347,
    "coverage_iou_ge_05": 0.016203703358769417,
    "coverage_iou_ge_07": 0.0011574074160307646,
    "median_best_iou": 0.2926829159259796,
    "one_nn_separability_acc": 0.7918994426727295,
    "real_count_mean": 22.057870864868164,
    "sampled_count_mean": 22.77166748046875,
    "pc2d_span_ratio_mean": 0.4153569109825734,
    "pc2d_intersection_cover_mean": 0.4153569109825734,
    "span_trace_ratio": 0.13186950981616974,
    "span_logdet_ratio": 0.14236147701740265,
    "real_to_sampled_nn_p95": 2.681851625442505,
    "real_to_real_nn_p95": 1.6898236274719238,
    "nn_p95_ratio": 1.5870600823913876,
    "chamfer_median": 0.024864954873919487,
    "chamfer_p90": 0.0361783392727375
  },
  "shadowhand": {
    "count_wasserstein": 1.391594648361206,
    "occupancy_js_divergence": 0.2427917867898941,
    "coverage_iou_ge_03": 0.2582513093948364,
    "coverage_iou_ge_05": 0.00038602587301284075,
    "coverage_iou_ge_07": 0.0,
    "median_best_iou": 0.26875001192092896,
    "one_nn_separability_acc": 0.8342499732971191,
    "real_count_mean": 73.73422241210938,
    "sampled_count_mean": 74.9836654663086,
    "pc2d_span_ratio_mean": 0.5022834319767312,
    "pc2d_intersection_cover_mean": 0.4937921504704571,
    "span_trace_ratio": 0.23905615508556366,
    "span_logdet_ratio": 0.2509154677391052,
    "real_to_sampled_nn_p95": 4.762692928314209,
    "real_to_real_nn_p95": 2.3869309425354004,
    "nn_p95_ratio": 1.9953207876451053,
    "chamfer_median": 0.016794923692941666,
    "chamfer_p90": 0.023996766656637192
  }
}