{
  "count_wasserstein": 6.437221050262451,
  "occupancy_js_divergence": 0.07654386013746262,
  "coverage_iou_ge_03": 0.9397339820861816,
  "coverage_iou_ge_05": 0.03491271659731865,
  "coverage_iou_ge_07": 0.0,
  "median_best_iou": 0.3956044018268585,
  "one_nn_separability_acc": 0.9153913855552673,
  "real_count_mean": 57.39692306518555,
  "sampled_count_mean": 61.74449157714844,
  "feature_mode_used": "mask_only",
  "pc2d_span_ratio_mean": 0.6127664059470687,
  "pc2d_intersection_cover_mean": 0.6127664059470687,
  "span_trace_ratio": 0.4663209319114685,
  "span_logdet_ratio": 0.5178541541099548,
  "real_to_sampled_nn_p95": 3.272667646408081,
  "real_to_real_nn_p95": 2.1303977966308594,
  "nn_p95_ratio": 1.5361767889469642
}