{
  "allegro": {
    "count_wasserstein": 0.2390487790107727,
    "occupancy_js_divergence": 0.0852513387799263,
    "coverage_iou_ge_03": 0.8703241944313049,
    "coverage_iou_ge_05": 0.007273483090102673,
    "coverage_iou_ge_07": 0.0,
    "median_best_iou": 0.3695652186870575,
    "one_nn_separability_acc": 0.6037499904632568,
    "real_count_mean": 57.39692306518555,
    "sampled_count_mean": 57.37799835205078,
    "pc2d_span_ratio_mean": 0.5784479450219473,
    "pc2d_intersection_cover_mean": 0.5784479450219473,
    "span_trace_ratio": 0.405679851770401,
    "span_logdet_ratio": 0.4540134072303772,
    "real_to_sampled_nn_p95": 3.465559482574463,
    "real_to_real_nn_p95": 2.1303977966308594,
    "nn_p95_ratio": 1.6267194267920806
  },
  "barrett": {
    "count_wasserstein": 0.28119298815727234,
    "occupancy_js_divergence": 0.0721672847867012,
    "coverage_iou_ge_03": 0.9402604103088379,
    "coverage_iou_ge_05": 0.0722491666674614,
    "coverage_iou_ge_07": 0.0,
    "median_best_iou": 0.4150943458080292,
    "one_nn_separability_acc": 0.6082500219345093,
    "real_count_mean": 59.96055603027344,
    "sampled_count_mean": 60.18149948120117,
    "pc2d_span_ratio_mean": 0.6282692729147862,
    "pc2d_intersection_cover_mean": 0.6282692729147862,
    "span_trace_ratio": 0.5579082369804382,
    "span_logdet_ratio": 0.6160887479782104,
    "real_to_sampled_nn_p95": 3.4493229389190674,
    "real_to_real_nn_p95": 2.130314350128174,
    "nn_p95_ratio": 1.6191614813614401
  },
  "ezgripper": {
    "count_wasserstein": 0.27710816264152527,
    "occupancy_js_divergence": 0.12884369492530823,
    "coverage_iou_ge_03": 0.9958834052085876,
    "coverage_iou_ge_05": 0.7949942350387573,
    "coverage_iou_ge_07": 0.03029804117977619,
    "median_best_iou": 0.5804196000099182,
    "one_nn_separability_acc": 0.734499990940094,
    "real_count_mean": 92.04330444335938,
    "sampled_count_mean": 92.20480346679688,
    "pc2d_span_ratio_mean": 0.8713428970080435,
    "pc2d_intersection_cover_mean": 0.8265975887140369,
    "span_trace_ratio": 0.8035541772842407,
    "span_logdet_ratio": 0.7954242825508118,
    "real_to_sampled_nn_p95": 3.2459537982940674,
    "real_to_real_nn_p95": 2.151132345199585,
    "nn_p95_ratio": 1.5089512300522372
  },
  "robotiq_3finger": {
    "count_wasserstein": 0.09298133850097656,
    "occupancy_js_divergence": 0.07344688475131989,
    "coverage_iou_ge_03": 0.9722222089767456,
    "coverage_iou_ge_05": 0.32175925374031067,
    "coverage_iou_ge_07": 0.0069444444961845875,
    "median_best_iou": 0.44117647409439087,
    "one_nn_separability_acc": 0.6270949840545654,
    "real_count_mean": 22.057870864868164,
    "sampled_count_mean": 22.13170051574707,
    "pc2d_span_ratio_mean": 0.6505059930360693,
    "pc2d_intersection_cover_mean": 0.6505059930360693,
    "span_trace_ratio": 0.42856141924858093,
    "span_logdet_ratio": 0.45398563146591187,
    "real_to_sampled_nn_p95": 1.9706929922103882,
    "real_to_real_nn_p95": 1.6898236274719238,
    "nn_p95_ratio": 1.166212236692809
  },
  "shadowhand": {
    "count_wasserstein": 0.3495003581047058,
    "occupancy_js_divergence": 0.06612478196620941,
    "coverage_iou_ge_03": 0.9177764654159546,
    "coverage_iou_ge_05": 0.03030303120613098,
    "coverage_iou_ge_07": 0.0,
    "median_best_iou": 0.38743454217910767,
    "one_nn_separability_acc": 0.6439999938011169,
    "real_count_mean": 73.73422241210938,
    "sampled_count_mean": 74.05860137939453,
    "pc2d_span_ratio_mean": 0.6196724801131612,
    "pc2d_intersection_cover_mean": 0.6196724801131612,
    "span_trace_ratio": 0.44672587513923645,
    "span_logdet_ratio": 0.4908592402935028,
    "real_to_sampled_nn_p95": 3.699622392654419,
    "real_to_real_nn_p95": 2.3869309425354004,
    "nn_p95_ratio": 1.5499494881593334
  }
}