{
  "count_wasserstein": 0.36036813259124756,
  "occupancy_js_divergence": 0.04912577569484711,
  "coverage_iou_ge_03": 0.9336035251617432,
  "coverage_iou_ge_05": 0.06176413968205452,
  "coverage_iou_ge_07": 0.0,
  "median_best_iou": 0.40140846371650696,
  "one_nn_separability_acc": 0.5917500257492065,
  "real_count_mean": 73.73422241210938,
  "sampled_count_mean": 74.03009796142578,
  "pc2d_span_ratio_mean": 0.6716334096451445,
  "pc2d_intersection_cover_mean": 0.6716334096451445,
  "span_trace_ratio": 0.5155394673347473,
  "span_logdet_ratio": 0.5614480972290039,
  "real_to_sampled_nn_p95": 3.3847200870513916,
  "real_to_real_nn_p95": 2.3869309425354004,
  "nn_p95_ratio": 1.4180217897113263,
  "chamfer_median": 0.011417456902563572,
  "chamfer_p90": 0.016400445252656937
}