{
  "allegro": {
    "count_wasserstein": 0.23053324222564697,
    "occupancy_js_divergence": 0.08113552629947662,
    "coverage_iou_ge_03": 0.8730257749557495,
    "coverage_iou_ge_05": 0.014339151792228222,
    "coverage_iou_ge_07": 0.0,
    "median_best_iou": 0.37735849618911743,
    "one_nn_separability_acc": 0.5947499871253967,
    "real_count_mean": 57.39692306518555,
    "sampled_count_mean": 57.49980163574219,
    "pc2d_span_ratio_mean": 0.5848275552030553,
    "pc2d_intersection_cover_mean": 0.5848275552030553,
    "span_trace_ratio": 0.41066214442253113,
    "span_logdet_ratio": 0.45999330282211304,
    "real_to_sampled_nn_p95": 3.4176836013793945,
    "real_to_real_nn_p95": 2.1303977966308594,
    "nn_p95_ratio": 1.6042466842503909
  },
  "barrett": {
    "count_wasserstein": 0.21389690041542053,
    "occupancy_js_divergence": 0.07096488773822784,
    "coverage_iou_ge_03": 0.93936687707901,
    "coverage_iou_ge_05": 0.09126883000135422,
    "coverage_iou_ge_07": 0.0002552974328864366,
    "median_best_iou": 0.4166666567325592,
    "one_nn_separability_acc": 0.6322500109672546,
    "real_count_mean": 59.96055603027344,
    "sampled_count_mean": 60.11000061035156,
    "pc2d_span_ratio_mean": 0.6562233289573647,
    "pc2d_intersection_cover_mean": 0.6562233289573647,
    "span_trace_ratio": 0.5704394578933716,
    "span_logdet_ratio": 0.6295850276947021,
    "real_to_sampled_nn_p95": 3.30617356300354,
    "real_to_real_nn_p95": 2.130314350128174,
    "nn_p95_ratio": 1.5519651185772743
  },
  "ezgripper": {
    "count_wasserstein": 0.40551039576530457,
    "occupancy_js_divergence": 0.1261715292930603,
    "coverage_iou_ge_03": 0.9947307705879211,
    "coverage_iou_ge_05": 0.8035567402839661,
    "coverage_iou_ge_07": 0.12069816887378693,
    "median_best_iou": 0.5887096524238586,
    "one_nn_separability_acc": 0.7282500267028809,
    "real_count_mean": 92.04330444335938,
    "sampled_count_mean": 92.36409759521484,
    "pc2d_span_ratio_mean": 0.8754945944766174,
    "pc2d_intersection_cover_mean": 0.8218996668146175,
    "span_trace_ratio": 0.8119913935661316,
    "span_logdet_ratio": 0.8081095218658447,
    "real_to_sampled_nn_p95": 3.7030632495880127,
    "real_to_real_nn_p95": 2.151132345199585,
    "nn_p95_ratio": 1.7214483608373419
  },
  "robotiq_3finger": {
    "count_wasserstein": 0.22200018167495728,
    "occupancy_js_divergence": 0.07198679447174072,
    "coverage_iou_ge_03": 0.9699074029922485,
    "coverage_iou_ge_05": 0.3333333432674408,
    "coverage_iou_ge_07": 0.008101851679384708,
    "median_best_iou": 0.44680851697921753,
    "one_nn_separability_acc": 0.6215083599090576,
    "real_count_mean": 22.057870864868164,
    "sampled_count_mean": 21.84239959716797,
    "pc2d_span_ratio_mean": 0.6729153696033656,
    "pc2d_intersection_cover_mean": 0.6729153696033656,
    "span_trace_ratio": 0.44385337829589844,
    "span_logdet_ratio": 0.4710967540740967,
    "real_to_sampled_nn_p95": 1.9214251041412354,
    "real_to_real_nn_p95": 1.6898236274719238,
    "nn_p95_ratio": 1.1370565974484574
  },
  "shadowhand": {
    "count_wasserstein": 0.5554390549659729,
    "occupancy_js_divergence": 0.06225958466529846,
    "coverage_iou_ge_03": 0.9245319366455078,
    "coverage_iou_ge_05": 0.030110016465187073,
    "coverage_iou_ge_07": 0.0,
    "median_best_iou": 0.39024388790130615,
    "one_nn_separability_acc": 0.6337500214576721,
    "real_count_mean": 73.73422241210938,
    "sampled_count_mean": 73.40640258789062,
    "pc2d_span_ratio_mean": 0.6523148006332106,
    "pc2d_intersection_cover_mean": 0.6523148006332106,
    "span_trace_ratio": 0.45688754320144653,
    "span_logdet_ratio": 0.49607542157173157,
    "real_to_sampled_nn_p95": 3.6427040100097656,
    "real_to_real_nn_p95": 2.3869309425354004,
    "nn_p95_ratio": 1.5261036442639944
  }
}