{
  "count_wasserstein": 0.6194780468940735,
  "occupancy_js_divergence": 0.04911605268716812,
  "coverage_iou_ge_03": 0.8498359322547913,
  "coverage_iou_ge_05": 0.007334491237998009,
  "coverage_iou_ge_07": 0.0,
  "median_best_iou": 0.37037035822868347,
  "one_nn_separability_acc": 0.5945000052452087,
  "real_count_mean": 73.73422241210938,
  "sampled_count_mean": 74.29633331298828,
  "pc2d_span_ratio_mean": 0.6606667090146361,
  "pc2d_intersection_cover_mean": 0.6606667090146361,
  "span_trace_ratio": 0.4857228696346283,
  "span_logdet_ratio": 0.5258796811103821,
  "real_to_sampled_nn_p95": 3.4863440990448,
  "real_to_real_nn_p95": 2.3869309425354004,
  "nn_p95_ratio": 1.460596968650296,
  "chamfer_median": 0.010979173704981804,
  "chamfer_p90": 0.016516365110874176
}