{
  "allegro": {
    "count_wasserstein": 0.2466457486152649,
    "occupancy_js_divergence": 0.07047174870967865,
    "coverage_iou_ge_03": 0.9073150753974915,
    "coverage_iou_ge_05": 0.035328347235918045,
    "coverage_iou_ge_07": 0.0,
    "median_best_iou": 0.3928571343421936,
    "one_nn_separability_acc": 0.5795000195503235,
    "real_count_mean": 57.39692306518555,
    "sampled_count_mean": 57.167598724365234,
    "pc2d_span_ratio_mean": 0.6178079595484194,
    "pc2d_intersection_cover_mean": 0.6178079595484194,
    "span_trace_ratio": 0.4762473702430725,
    "span_logdet_ratio": 0.5346723198890686,
    "real_to_sampled_nn_p95": 3.1802356243133545,
    "real_to_real_nn_p95": 2.1303977966308594,
    "nn_p95_ratio": 1.4927895763611718,
    "chamfer_median": 0.016444066539406776,
    "chamfer_p90": 0.023365924134850502
  },
  "barrett": {
    "count_wasserstein": 0.36404749751091003,
    "occupancy_js_divergence": 0.06115211918950081,
    "coverage_iou_ge_03": 0.9555782675743103,
    "coverage_iou_ge_05": 0.13837119936943054,
    "coverage_iou_ge_07": 0.0,
    "median_best_iou": 0.4285714328289032,
    "one_nn_separability_acc": 0.5947499871253967,
    "real_count_mean": 59.96055603027344,
    "sampled_count_mean": 59.64500045776367,
    "pc2d_span_ratio_mean": 0.6900516691653318,
    "pc2d_intersection_cover_mean": 0.6900516691653318,
    "span_trace_ratio": 0.6143528819084167,
    "span_logdet_ratio": 0.6924228072166443,
    "real_to_sampled_nn_p95": 3.1225483417510986,
    "real_to_real_nn_p95": 2.130314350128174,
    "nn_p95_ratio": 1.4657688155568334,
    "chamfer_median": 0.012857843190431595,
    "chamfer_p90": 0.01753309927880764
  },
  "ezgripper": {
    "count_wasserstein": 0.5697228312492371,
    "occupancy_js_divergence": 0.10122795403003693,
    "coverage_iou_ge_03": 0.9968714118003845,
    "coverage_iou_ge_05": 0.8641527891159058,
    "coverage_iou_ge_07": 0.1684505194425583,
    "median_best_iou": 0.6153846383094788,
    "one_nn_separability_acc": 0.6887500286102295,
    "real_count_mean": 92.04330444335938,
    "sampled_count_mean": 91.52069854736328,
    "pc2d_span_ratio_mean": 0.8766815451148402,
    "pc2d_intersection_cover_mean": 0.8551082336386393,
    "span_trace_ratio": 0.8558197021484375,
    "span_logdet_ratio": 0.8708532452583313,
    "real_to_sampled_nn_p95": 2.996086597442627,
    "real_to_real_nn_p95": 2.151132345199585,
    "nn_p95_ratio": 1.392795103531692,
    "chamfer_median": 0.005122038535773754,
    "chamfer_p90": 0.008570855483412743
  },
  "robotiq_3finger": {
    "count_wasserstein": 0.11638952791690826,
    "occupancy_js_divergence": 0.05692024901509285,
    "coverage_iou_ge_03": 0.9837962985038757,
    "coverage_iou_ge_05": 0.38078704476356506,
    "coverage_iou_ge_07": 0.018518518656492233,
    "median_best_iou": 0.4583333432674408,
    "one_nn_separability_acc": 0.6127793192863464,
    "real_count_mean": 22.057870864868164,
    "sampled_count_mean": 21.9822998046875,
    "pc2d_span_ratio_mean": 0.6988928822936584,
    "pc2d_intersection_cover_mean": 0.6988928822936584,
    "span_trace_ratio": 0.5220881700515747,
    "span_logdet_ratio": 0.553794801235199,
    "real_to_sampled_nn_p95": 1.8682940006256104,
    "real_to_real_nn_p95": 1.6898236274719238,
    "nn_p95_ratio": 1.105614793314666,
    "chamfer_median": 0.013807092793285847,
    "chamfer_p90": 0.01997603476047516
  },
  "shadowhand": {
    "count_wasserstein": 0.36036813259124756,
    "occupancy_js_divergence": 0.04912577569484711,
    "coverage_iou_ge_03": 0.9336035251617432,
    "coverage_iou_ge_05": 0.06176413968205452,
    "coverage_iou_ge_07": 0.0,
    "median_best_iou": 0.40140846371650696,
    "one_nn_separability_acc": 0.5917500257492065,
    "real_count_mean": 73.73422241210938,
    "sampled_count_mean": 74.03009796142578,
    "pc2d_span_ratio_mean": 0.6716334096451445,
    "pc2d_intersection_cover_mean": 0.6716334096451445,
    "span_trace_ratio": 0.5155394673347473,
    "span_logdet_ratio": 0.5614480972290039,
    "real_to_sampled_nn_p95": 3.3847200870513916,
    "real_to_real_nn_p95": 2.3869309425354004,
    "nn_p95_ratio": 1.4180217897113263,
    "chamfer_median": 0.011417456902563572,
    "chamfer_p90": 0.016400445252656937
  }
}