{
  "robot_name": "dro/ezgripper/ezgripper",
  "robot_path": "assets/dro_urdf_robot/ezgripper/ezgripper.urdf",
  "links": {
    "left_ezgripper_palm_link": {
      "transform": [
        [
          -0.1399402414786611,
          -0.0,
          -0.9901599511265309,
          0.040125043543351405
        ],
        [
          -0.0,
          -1.0,
          -0.0,
          -0.0
        ],
        [
          -0.990159951126531,
          -0.0,
          0.1399402414786611,
          -0.016013592477751845
        ],
        [
          0.0,
          0.0,
          0.0,
          1.0
        ]
      ],
      "extents": [
        0.0706178913952534,
        0.08167393505573273,
        0.09087110576317152
      ],
      "iou": 0.4895145257487334
    },
    "left_ezgripper_finger_L1_1": {
      "transform": [
        [
          0.011908256684790307,
          1.224646799147353e-16,
          0.9999290941975482,
          0.025911470291507414
        ],
        [
          -1.4583408432453523e-18,
          1.0,
          -1.2245599645833395e-16,
          2.030930512560792e-18
        ],
        [
          -0.9999290941975483,
          -1.9257933847790633e-34,
          0.011908256684790307,
          -0.000215802433531826
        ],
        [
          0.0,
          0.0,
          0.0,
          1.0
        ]
      ],
      "extents": [
        0.022273281493467287,
        0.02999999932944775,
        0.07016676222197532
      ],
      "iou": 0.4639695928355722
    },
    "left_ezgripper_finger_L1_2": {
      "transform": [
        [
          0.011908256684790307,
          1.224646799147353e-16,
          0.9999290941975482,
          0.025911470291507414
        ],
        [
          -1.4583408432453523e-18,
          1.0,
          -1.2245599645833395e-16,
          2.030930512560792e-18
        ],
        [
          -0.9999290941975483,
          -1.9257933847790633e-34,
          0.011908256684790307,
          -0.000215802433531826
        ],
        [
          0.0,
          0.0,
          0.0,
          1.0
        ]
      ],
      "extents": [
        0.022273281493467287,
        0.02999999932944775,
        0.07016676222197532
      ],
      "iou": 0.4639695928355722
    },
    "left_ezgripper_finger_L2_1": {
      "transform": [
        [
          0.0008042023801935872,
          6.123233995736766e-17,
          0.9999996766292135,
          0.022693906024001974
        ],
        [
          6.118307696307921e-17,
          1.0,
          -6.128156335015627e-17,
          3.593278232095842e-19
        ],
        [
          -0.9999996766292136,
          6.123233995736766e-17,
          0.0008042023801935872,
          -0.00023199041331607118
        ],
        [
          0.0,
          0.0,
          0.0,
          1.0
        ]
      ],
      "extents": [
        0.022000517601595448,
        0.029999999329447746,
        0.06941760828960444
      ],
      "iou": 0.3590309474845764
    },
    "left_ezgripper_finger_L2_2": {
      "transform": [
        [
          0.0008042023801935872,
          6.123233995736766e-17,
          0.9999996766292135,
          0.022693906024001974
        ],
        [
          6.118307696307921e-17,
          1.0,
          -6.128156335015627e-17,
          3.593278232095842e-19
        ],
        [
          -0.9999996766292136,
          6.123233995736766e-17,
          0.0008042023801935872,
          -0.00023199041331607118
        ],
        [
          0.0,
          0.0,
          0.0,
          1.0
        ]
      ],
      "extents": [
        0.022000517601595448,
        0.029999999329447746,
        0.06941760828960444
      ],
      "iou": 0.3590309474845764
    },
    "base_link": {
      "transform": [
        [
          -0.29028467725446283,
          0.9569403357322087,
          0.0,
          0.0
        ],
        [
          -0.9569403357322087,
          -0.29028467725446283,
          -0.0,
          -0.0
        ],
        [
          0.0,
          0.0,
          1.0,
          0.0
        ],
        [
          0.0,
          0.0,
          0.0,
          1.0
        ]
      ],
      "extents": [
        0.03980738906688787,
        0.03980738906688787,
        0.42
      ],
      "iou": 0.7904018728053063
    }
  }
}