{
  "robot_name": "dro/shadowhand/shadow_hand_right_extended",
  "robot_path": "assets/dro_urdf_robot/shadowhand/shadow_hand_right_extended.urdf",
  "links": {
    "forearm": {
      "transform": [
        [
          0.999979143420564,
          0.006458538768062146,
          9.25570964421308e-07,
          -1.8694999892949863e-07
        ],
        [
          0.0064585387680776195,
          -0.999979143420992,
          -1.3730266775337144e-08,
          2.6042025072908938e-05
        ],
        [
          9.254629827170969e-07,
          1.9707816365259474e-08,
          -0.9999999999995715,
          0.11411566436622134
        ],
        [
          0.0,
          0.0,
          0.0,
          1.0
        ]
      ],
      "extents": [
        0.1349999806713576,
        0.13505204817672223,
        0.22795025355066167
      ],
      "iou": 0.6100476045781424
    },
    "wrist": {
      "transform": [
        [
          9.599433790969343e-06,
          2.353988104694535e-06,
          0.999999999951155,
          0.0025983289938526625
        ],
        [
          0.9999999999539209,
          9.523921615539013e-08,
          -9.599434015187878e-06,
          -4.279420066906092e-07
        ],
        [
          -9.526181310422169e-08,
          0.9999999999972249,
          -2.3539871903435156e-06,
          0.01579957509607425
        ],
        [
          0.0,
          0.0,
          0.0,
          1.0
        ]
      ],
      "extents": [
        0.030800132990183818,
        0.058400182588856646,
        0.06660249078078294
      ],
      "iou": 0.24927492749274927
    },
    "palm": {
      "transform": [
        [
          -0.037264891174029806,
          -0.9992093687486743,
          -0.013855153938639722,
          0.000521651868844921
        ],
        [
          -0.9969901030294509,
          0.03623171450841854,
          0.06854193843994341,
          -0.004685560422452345
        ],
        [
          -0.06798575105941136,
          0.016367659229594864,
          -0.9975520223949383,
          0.04272517636118604
        ],
        [
          0.0,
          0.0,
          0.0,
          1.0
        ]
      ],
      "extents": [
        0.04262999520276599,
        0.08504054130864494,
        0.12507669873969432
      ],
      "iou": 0.3673497174756621
    },
    "ffknuckle": {
      "transform": [
        [
          1.0,
          6.123233995736766e-17,
          -1.2246467991473532e-16,
          2.7449999999992343e-06
        ],
        [
          -6.123233995736767e-17,
          1.0,
          -6.123233995736765e-17,
          -0.00025030999999999844
        ],
        [
          1.2246467991473532e-16,
          6.123233995736766e-17,
          1.0,
          0.0004966694999999997
        ],
        [
          0.0,
          0.0,
          0.0,
          1.0
        ]
      ],
      "extents": [
        0.01200549,
        0.01749884,
        0.017997999
      ],
      "iou": 0.67885
    },
    "ffproximal": {
      "transform": [
        [
          3.413748352862084e-05,
          -0.9999999994173161,
          1.0232940942817364e-16,
          1.8015393366236841e-06
        ],
        [
          0.9999999994173158,
          3.4137483528620824e-05,
          2.829072961451962e-08,
          -0.0010008117521609517
        ],
        [
          -2.829072959803856e-08,
          -9.65671986818961e-13,
          0.9999999999999996,
          0.02196768502200886
        ],
        [
          0.0,
          0.0,
          0.0,
          1.0
        ]
      ],
      "extents": [
        0.01800015283822695,
        0.020003649988344196,
        0.05993598998744073
      ],
      "iou": 0.5617342601390208
    },
    "ffmiddle": {
      "transform": [
        [
          -6.118807049597368e-17,
          -1.0,
          1.2479265878800738e-16,
          1.961845316520799e-18
        ],
        [
          -0.9992770248299377,
          6.588829770391176e-17,
          0.03801878018858792,
          -0.0007418419928765335
        ],
        [
          -0.03801878018858792,
          -1.2237614099194734e-16,
          -0.9992770248299376,
          0.011919994514722362
        ],
        [
          0.0,
          0.0,
          0.0,
          1.0
        ]
      ],
      "extents": [
        0.01661668794513695,
        0.01800038,
        0.03990071803461762
      ],
      "iou": 0.7259357549621275
    },
    "ffdistal": {
      "transform": [
        [
          -5.724137772006273e-06,
          0.9999999999836171,
          -1.5486580183998177e-12,
          -2.83875327625171e-05
        ],
        [
          0.9999999999835806,
          5.724137772006482e-06,
          2.705593946896793e-07,
          -0.00016911332815756263
        ],
        [
          2.7055939469411145e-07,
          6.123233995707503e-17,
          -0.9999999999999634,
          0.018353793369310194
        ],
        [
          0.0,
          0.0,
          0.0,
          1.0
        ]
      ],
      "extents": [
        0.014338256733496035,
        0.017137872008356952,
        0.02732627261797145
      ],
      "iou": 0.5942
    },
    "mfknuckle": {
      "transform": [
        [
          1.0,
          6.123233995736766e-17,
          -1.2246467991473532e-16,
          2.7449999999992343e-06
        ],
        [
          -6.123233995736767e-17,
          1.0,
          -6.123233995736765e-17,
          -0.00025030999999999844
        ],
        [
          1.2246467991473532e-16,
          6.123233995736766e-17,
          1.0,
          0.0004966694999999997
        ],
        [
          0.0,
          0.0,
          0.0,
          1.0
        ]
      ],
      "extents": [
        0.01200549,
        0.01749884,
        0.017997999
      ],
      "iou": 0.67885
    },
    "mfproximal": {
      "transform": [
        [
          3.413748352862084e-05,
          -0.9999999994173161,
          1.0232940942817364e-16,
          1.8015393366236841e-06
        ],
        [
          0.9999999994173158,
          3.4137483528620824e-05,
          2.829072961451962e-08,
          -0.0010008117521609517
        ],
        [
          -2.829072959803856e-08,
          -9.65671986818961e-13,
          0.9999999999999996,
          0.02196768502200886
        ],
        [
          0.0,
          0.0,
          0.0,
          1.0
        ]
      ],
      "extents": [
        0.01800015283822695,
        0.020003649988344196,
        0.05993598998744073
      ],
      "iou": 0.5617342601390208
    },
    "mfmiddle": {
      "transform": [
        [
          -6.118807049597368e-17,
          -1.0,
          1.2479265878800738e-16,
          1.961845316520799e-18
        ],
        [
          -0.9992770248299377,
          6.588829770391176e-17,
          0.03801878018858792,
          -0.0007418419928765335
        ],
        [
          -0.03801878018858792,
          -1.2237614099194734e-16,
          -0.9992770248299376,
          0.011919994514722362
        ],
        [
          0.0,
          0.0,
          0.0,
          1.0
        ]
      ],
      "extents": [
        0.01661668794513695,
        0.01800038,
        0.03990071803461762
      ],
      "iou": 0.7259357549621275
    },
    "mfdistal": {
      "transform": [
        [
          -5.724137772006273e-06,
          0.9999999999836171,
          -1.5486580183998177e-12,
          -2.83875327625171e-05
        ],
        [
          0.9999999999835806,
          5.724137772006482e-06,
          2.705593946896793e-07,
          -0.00016911332815756263
        ],
        [
          2.7055939469411145e-07,
          6.123233995707503e-17,
          -0.9999999999999634,
          0.018353793369310194
        ],
        [
          0.0,
          0.0,
          0.0,
          1.0
        ]
      ],
      "extents": [
        0.014338256733496035,
        0.017137872008356952,
        0.02732627261797145
      ],
      "iou": 0.5942
    },