{
  "robot_name": "dro/urdf/robotiq_3finger_description",
  "robot_path": "assets/dro_urdf_robot/robotiq_3finger/urdf/robotiq_3finger_description.urdf",
  "links": {
    "gripper_palm": {
      "transform": [
        [
          0.0,
          1.2246467991473532e-16,
          1.0,
          0.00421379879117012
        ],
        [
          0.0,
          1.0,
          -1.2246467991473532e-16,
          -5.160415201857474e-19
        ],
        [
          -1.0,
          -0.0,
          -0.0,
          0.046037499693036055
        ],
        [
          0.0,
          0.0,
          0.0,
          1.0
        ]
      ],
      "extents": [
        0.09207499606013303,
        0.13017499446868896,
        0.13441159576177597
      ],
      "iou": 0.6745
    },
    "gripper_fingerA_base": {
      "transform": [
        [
          -1.2246467991473532e-16,
          -0.0,
          -1.0,
          0.014287501107901335
        ],
        [
          -1.0,
          -0.0,
          1.2246467991473532e-16,
          -1.499077398375602e-20
        ],
        [
          0.0,
          1.0,
          0.0,
          0.006222286727279425
        ],
        [
          0.0,
          0.0,
          0.0,
          1.0
        ]
      ],
      "extents": [
        0.030734000727534294,
        0.043117926456034184,
        0.044450000859797
      ],
      "iou": 0.83735
    },
    "gripper_fingerA_prox": {
      "transform": [
        [
          -6.123233995736766e-17,
          -0.9964528970688462,
          -0.08415238513021199,
          0.013719403283524188
        ],
        [
          -1.0,
          5.5862295090307e-17,
          6.616798999933995e-17,
          -9.251011354153342e-19
        ],
        [
          -6.123233995736767e-17,
          0.08415238513021199,
          -0.9964528970688461,
          0.029718829082640733
        ],
        [
          0.0,
          0.0,
          0.0,
          1.0
        ]
      ],
      "extents": [
        0.030734000727534298,
        0.04517045426839658,
        0.1041760638288245
      ],
      "iou": 0.5008282716731087
    },
    "gripper_fingerA_med": {
      "transform": [
        [
          0.0,
          0.963756059685925,
          0.2667850397204834,
          0.008309298181183684
        ],
        [
          1.0,
          0.0,
          0.0,
          0.0
        ],
        [
          -0.0,
          0.2667850397204834,
          -0.963756059685925,
          0.010435774191480283
        ],
        [
          0.0,
          0.0,
          0.0,
          1.0
        ]
      ],
      "extents": [
        0.030734000727534294,
        0.03429551048648533,
        0.07047117427962886
      ],
      "iou": 0.5526664458429944
    },
    "gripper_fingerA_dist": {
      "transform": [
        [
          -0.9063077825759231,
          6.123233995736766e-17,
          0.4226182713067588,
          0.00018480059356048602
        ],
        [
          8.137325190954747e-17,
          1.0,
          2.9617440587846494e-17,
          -6.957887060335272e-19
        ],
        [
          -0.4226182713067587,
          6.123233995736765e-17,
          -0.9063077825759231,
          0.011178291303923138
        ],
        [
          0.0,
          0.0,
          0.0,
          1.0
        ]
      ],
      "extents": [
        0.022534072827028396,
        0.030734000727534294,
        0.05566397456239504
      ],
      "iou": 0.5076375810839088
    },
    "gripper_fingerB_base": {
      "transform": [
        [
          -1.2246467991473532e-16,
          -0.0,
          -1.0,
          0.014287501107901335
        ],
        [
          -1.0,
          -0.0,
          1.2246467991473532e-16,
          -1.499077398375602e-20
        ],
        [
          0.0,
          1.0,
          0.0,
          0.006222286727279425
        ],
        [
          0.0,
          0.0,
          0.0,
          1.0
        ]
      ],
      "extents": [
        0.030734000727534294,
        0.043117926456034184,
        0.044450000859797
      ],
      "iou": 0.83735
    },
    "gripper_fingerB_prox": {
      "transform": [
        [
          -6.123233995736766e-17,
          -0.9964528970688462,
          -0.08415238513021199,
          0.013719403283524188
        ],
        [
          -1.0,
          5.5862295090307e-17,
          6.616798999933995e-17,
          -9.251011354153342e-19
        ],
        [
          -6.123233995736767e-17,
          0.08415238513021199,
          -0.9964528970688461,
          0.029718829082640733
        ],
        [
          0.0,
          0.0,
          0.0,
          1.0
        ]
      ],
      "extents": [
        0.030734000727534298,
        0.04517045426839658,
        0.1041760638288245
      ],
      "iou": 0.5008282716731087
    },
    "gripper_fingerB_med": {
      "transform": [
        [
          0.0,
          0.963756059685925,
          0.2667850397204834,
          0.008309298181183684
        ],
        [
          1.0,
          0.0,
          0.0,
          0.0
        ],
        [
          -0.0,
          0.2667850397204834,
          -0.963756059685925,
          0.010435774191480283
        ],
        [
          0.0,
          0.0,
          0.0,
          1.0
        ]
      ],
      "extents": [
        0.030734000727534294,
        0.03429551048648533,
        0.07047117427962886
      ],
      "iou": 0.5526664458429944
    },
    "gripper_fingerB_dist": {
      "transform": [
        [
          -0.9063077825759231,
          6.123233995736766e-17,
          0.4226182713067588,
          0.00018480059356048602
        ],
        [
          8.137325190954747e-17,
          1.0,
          2.9617440587846494e-17,
          -6.957887060335272e-19
        ],
        [
          -0.4226182713067587,
          6.123233995736765e-17,
          -0.9063077825759231,
          0.011178291303923138
        ],
        [
          0.0,
          0.0,
          0.0,
          1.0
        ]
      ],
      "extents": [
        0.022534072827028396,
        0.030734000727534294,
        0.05566397456239504
      ],
      "iou": 0.5076375810839088
    },
    "gripper_fingerC_base": {
      "transform": [
        [
          -1.2246467991473532e-16,
          -0.0,
          -1.0,
          0.014287501107901335
        ],
        [
          -1.0,
          -0.0,
          1.2246467991473532e-16,
          -1.499077398375602e-20
        ],
        [
          0.0,
          1.0,
          0.0,
          0.006222286727279425
        ],
        [
          0.0,
          0.0,
          0.0,
          1.0
        ]
      ],
      "extents": [
        0.030734000727534294,
        0.043117926456034184,
        0.044450000859797
      ],
      "iou": 0.83735
    },
    "gripper_fingerC_prox": {
      "transform": [
        [
          -6.123233995736766e-17,
          -0.9964528970688462,
          -0.08415238513021199,
          0.013719403283524188
        ],
        [
          -1.0,
          5.5862295090307e-17,
          6.616798999933995e-17,
          -9.251011354153342e-19
        ],
        [
          -6.123233995736767e-17,
          0.08415238513021199,
          -0.9964528970688461,
          0.029718829082640733
        ],
        [
          0.0,
          0.0,
          0.0,
          1.0
        ]
      ],
      "extents": [
        0.030734000727534298,
        0.04517045426839658,
        0.1041760638288245
      ],
      "iou": 0.5008282716731087
    },
    "gripper_fingerC_med": {
      "transform": [
        [
          0.0,
          0.963756059685925,
          0.2667850397204834,
          0.008309298181183684
        ],
        [
          1.0,
          0.0,
          0.0,
          0.0
        ],
        [
          -0.0,
          0.2667850397204834,
          -0.963756059685925,
          0.010435774191480283
        ],
        [
          0.0,
          0.0,
          0.0,
          1.0
        ]
      ],