{
  "robot_name": "dro/leaphand/leap_hand_right_extended",
  "robot_path": "assets/dro_urdf_robot/leaphand/leap_hand_right_extended.urdf",
  "links": {
    "palm_lower": {
      "transform": [
        [
          -0.0,
          -1.0,
          -6.123233995736766e-17,
          -0.0485
        ],
        [
          0.0,
          -6.123233995736766e-17,
          1.0,
          -0.036486
        ],
        [
          -1.0,
          -0.0,
          -0.0,
          -0.011700000000000002
        ],
        [
          0.0,
          0.0,
          0.0,
          1.0
        ]
      ],
      "extents": [
        0.046,
        0.10300000000000001,
        0.124472
      ],
      "iou": 0.6929
    },
    "mcp_joint": {
      "transform": [
        [
          0.0,
          0.9956295753275871,
          -0.09339030320653645,
          -0.01547039961663544
        ],
        [
          -0.0,
          -0.09339030320653645,
          -0.9956295753275869,
          0.027955907325126605
        ],
        [
          -1.0,
          -0.0,
          -0.0,
          0.015092999999999999
        ],
        [
          0.0,
          0.0,
          0.0,
          1.0
        ]
      ],
      "extents": [
        0.0358,
        0.053987902898978604,
        0.06890314139116843
      ],
      "iou": 0.2676451285722809
    },
    "pip": {
      "transform": [
        [
          6.326794896795095e-06,
          6.3267948966984975e-06,
          0.9999999999599718,
          0.007456922281737265
        ],
        [
          1.9192500320422866e-16,
          -0.9999999999799858,
          6.326794896825122e-06,
          0.00019998644167853614
        ],
        [
          0.9999999999799858,
          -4.0028141741299234e-11,
          -6.32679489666847e-06,
          -0.01158398644143268
        ],
        [
          0.0,
          0.0,
          0.0,
          1.0
        ]
      ],
      "extents": [
        0.022999999999999996,
        0.029529999999999994,
        0.034
      ],
      "iou": 0.8271
    },
    "dip": {
      "transform": [
        [
          -1.0,
          -6.123233995736757e-17,
          -3.281428429884566e-24,
          0.007217
        ],
        [
          0.0,
          -5.3589793108824916e-08,
          0.9999999999999987,
          -0.01904950025267586
        ],
        [
          -6.123233995736766e-17,
          0.9999999999999987,
          5.3589793108824916e-08,
          0.014414999429295493
        ],
        [
          0.0,
          0.0,
          0.0,
          1.0
        ]
      ],
      "extents": [
        0.0345,
        0.034600000000000006,
        0.054037
      ],
      "iou": 0.41575
    },
    "fingertip": {
      "transform": [
        [
          0.9997596280926047,
          3.1026730925231287e-24,
          -0.021924553271097106,
          -0.0006744878189552652
        ],
        [
          -0.02192455327109707,
          5.161913655903568e-08,
          -0.9997596280926032,
          -0.020843344551758836
        ],
        [
          1.1317265092966108e-09,
          0.9999999999999987,
          5.1606728768722885e-08,
          0.014400000757922122
        ],
        [
          0.0,
          0.0,
          0.0,
          1.0
        ]
      ],
      "extents": [
        0.020989589445115968,
        0.03460000004598528,
        0.057644719480272374
      ],
      "iou": 0.44438491213030434
    },
    "mcp_joint_2": {
      "transform": [
        [
          0.0,
          0.9956295753275871,
          -0.09339030320653645,
          -0.01547039961663544
        ],
        [
          -0.0,
          -0.09339030320653645,
          -0.9956295753275869,
          0.027955907325126605
        ],
        [
          -1.0,
          -0.0,
          -0.0,
          0.015092999999999999
        ],
        [
          0.0,
          0.0,
          0.0,
          1.0
        ]
      ],
      "extents": [
        0.0358,
        0.053987902898978604,
        0.06890314139116843
      ],
      "iou": 0.2676451285722809
    },
    "pip_2": {
      "transform": [
        [
          6.326794896795096e-06,
          6.326794896698497e-06,
          0.9999999999599718,
          0.007456922281737268
        ],
        [
          -3.011960171191454e-17,
          -0.9999999999799858,
          6.326794896825122e-06,
          0.00029998644167853416
        ],
        [
          0.9999999999799858,
          -4.0028363785904146e-11,
          -6.32679489666847e-06,
          -0.01158398644143268
        ],
        [
          0.0,
          0.0,
          0.0,
          1.0
        ]
      ],
      "extents": [
        0.023,
        0.029529999999999994,
        0.034
      ],
      "iou": 0.8271
    },
    "dip_2": {
      "transform": [
        [
          -1.0,
          -6.123233995715208e-17,
          -1.6248551233022597e-22,
          0.007217
        ],
        [
          4.701977403305704e-38,
          -2.653589793291498e-06,
          0.9999999999964791,
          -0.01904951251163838
        ],
        [
          -6.123233995736767e-17,
          0.9999999999964793,
          2.653589793291498e-06,
          0.0144149717405789
        ],
        [
          0.0,
          0.0,
          0.0,
          1.0
        ]
      ],
      "extents": [
        0.0345,
        0.0346,
        0.05403700000000001
      ],
      "iou": 0.41575
    },
    "fingertip_2": {
      "transform": [
        [
          0.9997596280931048,
          1.654758982678174e-22,
          -0.02192455324828883,
          -0.000674487819403437
        ],
        [
          -0.02192455324821164,
          2.653536596085547e-06,
          -0.9997596280895847,
          -0.020843344564944525
        ],
        [
          5.81776043971605e-08,
          0.9999999999964793,
          2.652898760433929e-06,
          0.014500039121920216
        ],
        [
          0.0,
          0.0,
          0.0,
          1.0
        ]
      ],
      "extents": [
        0.020989589444254997,
        0.03460000000124135,
        0.05764471944575636
      ],
      "iou": 0.44438491213030434
    },
    "mcp_joint_3": {
      "transform": [
        [
          0.0,
          0.9956295753275871,
          -0.09339030320653645,
          -0.01547039961663544
        ],
        [
          -0.0,
          -0.09339030320653645,
          -0.9956295753275869,
          0.027955907325126605
        ],
        [
          -1.0,
          -0.0,
          -0.0,
          0.015092999999999999
        ],
        [
          0.0,
          0.0,
          0.0,
          1.0
        ]
      ],
      "extents": [
        0.0358,
        0.053987902898978604,
        0.06890314139116843
      ],
      "iou": 0.2676451285722809
    },
    "pip_3": {
      "transform": [
        [
          6.326794896795096e-06,
          6.326794896698497e-06,
          0.9999999999599718,
          0.007456922281737268
        ],
        [
          -3.011960171191454e-17,
          -0.9999999999799858,
          6.326794896825122e-06,
          0.00029998644167853416
        ],
        [
          0.9999999999799858,
          -4.0028363785904146e-11,
          -6.32679489666847e-06,
          -0.01158398644143268
        ],
        [
          0.0,
          0.0,
          0.0,
          1.0
        ]
      ],
      "extents": [
        0.023,
        0.029529999999999994,
        0.034
      ],
      "iou": 0.8271
    },
    "dip_3": {
      "transform": [
        [
          -1.0,
          -6.123233995715208e-17,
          -1.6248551233022597e-22,
          0.007217
        ],
        [
          4.701977403305704e-38,
          -2.653589793291498e-06,
          0.9999999999964791,
          -0.01904951251163838
        ],
        [
          -6.123233995736767e-17,
          0.9999999999964793,
          2.653589793291498e-06,
          0.0144149717405789
        ],
        [
          0.0,
          0.0,
          0.0,
          1.0
        ]
      ],