{
  "robot_name": "dro/barrett/model_extended",
  "robot_path": "assets/dro_urdf_robot/barrett/model_extended.urdf",
  "links": {
    "bh_base_link": {
      "transform": [
        [
          0.0,
          0.7219520780839837,
          -0.691943059037532,
          -5.787682727169258e-05
        ],
        [
          -0.0,
          -0.691943059037532,
          -0.7219520780839838,
          5.5447009250905664e-05
        ],
        [
          -1.0,
          -0.0,
          -0.0,
          0.03
        ],
        [
          0.0,
          0.0,
          0.0,
          1.0
        ]
      ],
      "extents": [
        0.06,
        0.08883966051485848,
        0.08891976058849727
      ],
      "iou": 0.5975476024324594
    },
    "bh_finger_31_link": {
      "transform": [
        [
          1.2246467991473532e-16,
          1.0,
          0.0,
          -0.0482485
        ],
        [
          1.0,
          -1.2246467991473532e-16,
          0.0,
          7.045666809356859e-19
        ],
        [
          -0.0,
          -0.0,
          -1.0,
          0.02148715
        ],
        [
          0.0,
          0.0,
          0.0,
          1.0
        ]
      ],
      "extents": [
        0.024,
        0.025999999999999995,
        0.0429743
      ],
      "iou": 0.83095
    },
    "bh_finger_32_link": {
      "transform": [
        [
          -0.008057230462693311,
          0.0856347582755636,
          0.9962940174528583,
          -0.03333968258182127
        ],
        [
          0.002868925398072181,
          0.9963242373186236,
          -0.08561415419498793,
          0.002993966243987627
        ],
        [
          -0.9999634244832815,
          0.0021684802394002956,
          -0.008273293728617832,
          0.0010777027347584124
        ],
        [
          0.0,
          0.0,
          0.0,
          1.0
        ]
      ],
      "extents": [
        0.021169331790158345,
        0.02528251818018289,
        0.09197447623202057
      ],
      "iou": 0.6564472497745717
    },
    "bh_finger_33_link": {
      "transform": [
        [
          0.70579603713527,
          0.0,
          0.7084151000396228,
          -0.017380820670409948
        ],
        [
          0.7084151000396227,
          0.0,
          -0.7057960371352698,
          0.017292489904324502
        ],
        [
          0.0,
          1.0,
          0.0,
          0.0005999999999999998
        ],
        [
          0.0,
          0.0,
          0.0,
          1.0
        ]
      ],
      "extents": [
        0.0189648339760081,
        0.023,
        0.06802231257297277
      ],
      "iou": 0.7049324721080447
    },
    "bh_finger_11_link": {
      "transform": [
        [
          -6.123233995736766e-17,
          0.13396768743426032,
          -0.9909857005646027,
          -0.02579544137778365
        ],
        [
          -1.0,
          -6.888352829013891e-17,
          5.2477218329584894e-17,
          -1.4725929628610498e-18
        ],
        [
          -6.123233995736765e-17,
          0.9909857005646027,
          0.13396768743426032,
          0.021514525226314297
        ],
        [
          0.0,
          0.0,
          0.0,
          1.0
        ]
      ],
      "extents": [
        0.024600000000000004,
        0.04805093783143509,
        0.08126857770579214
      ],
      "iou": 0.6402887053774627
    },
    "bh_finger_12_link": {
      "transform": [
        [
          -0.008057230462693311,
          0.0856347582755636,
          0.9962940174528583,
          -0.03333968258182127
        ],
        [
          0.002868925398072181,
          0.9963242373186236,
          -0.08561415419498793,
          0.002993966243987627
        ],
        [
          -0.9999634244832815,
          0.0021684802394002956,
          -0.008273293728617832,
          0.0010777027347584124
        ],
        [
          0.0,
          0.0,
          0.0,
          1.0
        ]
      ],
      "extents": [
        0.021169331790158345,
        0.02528251818018289,
        0.09197447623202057
      ],
      "iou": 0.6564472497745717
    },
    "bh_finger_13_link": {
      "transform": [
        [
          0.70579603713527,
          0.0,
          0.7084151000396228,
          -0.017380820670409948
        ],
        [
          0.7084151000396227,
          0.0,
          -0.7057960371352698,
          0.017292489904324502
        ],
        [
          0.0,
          1.0,
          0.0,
          0.0005999999999999998
        ],
        [
          0.0,
          0.0,
          0.0,
          1.0
        ]
      ],
      "extents": [
        0.0189648339760081,
        0.023,
        0.06802231257297277
      ],
      "iou": 0.7049324721080447
    },
    "bh_finger_21_link": {
      "transform": [
        [
          -6.123233995736766e-17,
          0.13396768743426032,
          -0.9909857005646027,
          -0.02579544137778365
        ],
        [
          -1.0,
          -6.888352829013891e-17,
          5.2477218329584894e-17,
          -1.4725929628610498e-18
        ],
        [
          -6.123233995736765e-17,
          0.9909857005646027,
          0.13396768743426032,
          0.021514525226314297
        ],
        [
          0.0,
          0.0,
          0.0,
          1.0
        ]
      ],
      "extents": [
        0.024600000000000004,
        0.04805093783143509,
        0.08126857770579214
      ],
      "iou": 0.6402887053774627
    },
    "bh_finger_22_link": {
      "transform": [
        [
          -0.008057230462693311,
          0.0856347582755636,
          0.9962940174528583,
          -0.03333968258182127
        ],
        [
          0.002868925398072181,
          0.9963242373186236,
          -0.08561415419498793,
          0.002993966243987627
        ],
        [
          -0.9999634244832815,
          0.0021684802394002956,
          -0.008273293728617832,
          0.0010777027347584124
        ],
        [
          0.0,
          0.0,
          0.0,
          1.0
        ]
      ],
      "extents": [
        0.021169331790158345,
        0.02528251818018289,
        0.09197447623202057
      ],
      "iou": 0.6564472497745717
    },
    "bh_finger_23_link": {
      "transform": [
        [
          0.70579603713527,
          0.0,
          0.7084151000396228,
          -0.017380820670409948
        ],
        [
          0.7084151000396227,
          0.0,
          -0.7057960371352698,
          0.017292489904324502
        ],
        [
          0.0,
          1.0,
          0.0,
          0.0005999999999999998
        ],
        [
          0.0,
          0.0,
          0.0,
          1.0
        ]
      ],
      "extents": [
        0.0189648339760081,
        0.023,
        0.06802231257297277
      ],
      "iou": 0.7049324721080447
    }
  }
}