{
  "robot_name": "spider/allegro/left",
  "robot_path": "assets/spider_robots/allegro/left.xml",
  "links": {
    "left_palm": {
      "transform": [
        [
          -1.0,
          -6.123233995736766e-17,
          -3.749399456654644e-33,
          -0.009099999908357855
        ],
        [
          0.0,
          -6.123233995736766e-17,
          1.0,
          2.8564886218238543e-18
        ],
        [
          -6.123233995736766e-17,
          1.0,
          6.123233995736766e-17,
          -0.046649999392684535
        ],
        [
          0.0,
          0.0,
          0.0,
          1.0
        ]
      ],
      "extents": [
        0.04080000054091215,
        0.09669999883044508,
        0.11347706615924832
      ],
      "iou": 0.55025
    },
    "left_rf_base": {
      "transform": [
        [
          -1.0,
          1.2246467991473532e-16,
          -6.123233995736766e-17,
          -1.3471114717626108e-18
        ],
        [
          6.123233995736767e-17,
          6.123233995736765e-17,
          -1.0,
          -6.735557358813053e-19
        ],
        [
          -1.2246467991473532e-16,
          -1.0,
          -6.123233995736766e-17,
          0.01099999994039524
        ],
        [
          0.0,
          0.0,
          0.0,
          1.0
        ]
      ],
      "extents": [
        0.019600000232458115,
        0.021999999880790943,
        0.026900000870227814
      ],
      "iou": 0.3923
    },
    "left_rf_proximal": {
      "transform": [
        [
          1.0,
          -6.123233995736766e-17,
          0.0,
          -3.0616117970004655e-21
        ],
        [
          -6.123233995736766e-17,
          -1.0,
          -0.0,
          -4.9999915063381195e-05
        ],
        [
          -0.0,
          -0.0,
          -1.0,
          0.026999998837709427
        ],
        [
          0.0,
          0.0,
          0.0,
          1.0
        ]
      ],
      "extents": [
        0.019600000232458115,
        0.027000000700354576,
        0.07159999758005142
      ],
      "iou": 0.8964
    },
    "left_rf_medial": {
      "transform": [
        [
          1.0,
          -6.123233995736766e-17,
          0.0,
          -3.0616117970004655e-21
        ],
        [
          -6.123233995736766e-17,
          -1.0,
          -0.0,
          -4.9999915063381195e-05
        ],
        [
          -0.0,
          -0.0,
          -1.0,
          0.020450000884011388
        ],
        [
          0.0,
          0.0,
          0.0,
          1.0
        ]
      ],
      "extents": [
        0.019600000232458115,
        0.027000000700354576,
        0.05350000178441405
      ],
      "iou": 0.69735
    },
    "left_rf_distal": {
      "transform": [
        [
          1.0,
          0.0,
          -1.8369701987210297e-16,
          0.0
        ],
        [
          -1.8369701987210297e-16,
          -0.0,
          -1.0,
          -0.0
        ],
        [
          0.0,
          1.0,
          0.0,
          0.004699999699369073
        ],
        [
          0.0,
          0.0,
          0.0,
          1.0
        ]
      ],
      "extents": [
        0.019600000232458115,
        0.021999999415129423,
        0.026900000870227814
      ],
      "iou": 0.44945
    },
    "left_rf_tip": {
      "transform": [
        [
          -0.0,
          -0.6812688838976214,
          -0.7320332696215995,
          -4.938139629866497e-06
        ],
        [
          -0.0,
          -0.7320332696215994,
          0.6812688838976214,
          -5.306102457546553e-06
        ],
        [
          -1.0,
          -0.0,
          -0.0,
          0.027200000081956388
        ],
        [
          0.0,
          0.0,
          0.0,
          1.0
        ]
      ],
      "extents": [
        0.023000000044703484,
        0.02397366043626235,
        0.023999757624727613
      ],
      "iou": 0.6472055888223552
    },
    "left_mf_base": {
      "transform": [
        [
          -1.0,
          1.2246467991473532e-16,
          -6.123233995736766e-17,
          -1.3471114717626108e-18
        ],
        [
          6.123233995736767e-17,
          6.123233995736765e-17,
          -1.0,
          -6.735557358813053e-19
        ],
        [
          -1.2246467991473532e-16,
          -1.0,
          -6.123233995736766e-17,
          0.01099999994039524
        ],
        [
          0.0,
          0.0,
          0.0,
          1.0
        ]
      ],
      "extents": [
        0.019600000232458115,
        0.021999999880790943,
        0.026900000870227814
      ],
      "iou": 0.3923
    },
    "left_mf_proximal": {
      "transform": [
        [
          1.0,
          -6.123233995736766e-17,
          0.0,
          -3.0616117970004655e-21
        ],
        [
          -6.123233995736766e-17,
          -1.0,
          -0.0,
          -4.9999915063381195e-05
        ],
        [
          -0.0,
          -0.0,
          -1.0,
          0.026999998837709427
        ],
        [
          0.0,
          0.0,
          0.0,
          1.0
        ]
      ],
      "extents": [
        0.019600000232458115,
        0.027000000700354576,
        0.07159999758005142
      ],
      "iou": 0.8964
    },
    "left_mf_medial": {
      "transform": [
        [
          1.0,
          -6.123233995736766e-17,
          0.0,
          -3.0616117970004655e-21
        ],
        [
          -6.123233995736766e-17,
          -1.0,
          -0.0,
          -4.9999915063381195e-05
        ],
        [
          -0.0,
          -0.0,
          -1.0,
          0.020450000884011388
        ],
        [
          0.0,
          0.0,
          0.0,
          1.0
        ]
      ],
      "extents": [
        0.019600000232458115,
        0.027000000700354576,
        0.05350000178441405
      ],
      "iou": 0.69735
    },
    "left_mf_distal": {
      "transform": [
        [
          1.0,
          0.0,
          -1.8369701987210297e-16,
          0.0
        ],
        [
          -1.8369701987210297e-16,
          -0.0,
          -1.0,
          -0.0
        ],
        [
          0.0,
          1.0,
          0.0,
          0.004699999699369073
        ],
        [
          0.0,
          0.0,
          0.0,
          1.0
        ]
      ],
      "extents": [
        0.019600000232458115,
        0.021999999415129423,
        0.026900000870227814
      ],
      "iou": 0.44945
    },
    "left_mf_tip": {
      "transform": [
        [
          -0.0,
          -0.6812688838976214,
          -0.7320332696215995,
          -4.938139629866497e-06
        ],
        [
          -0.0,
          -0.7320332696215994,
          0.6812688838976214,
          -5.306102457546553e-06
        ],
        [
          -1.0,
          -0.0,
          -0.0,
          0.027200000081956388
        ],
        [
          0.0,
          0.0,
          0.0,
          1.0
        ]
      ],
      "extents": [
        0.023000000044703484,
        0.02397366043626235,
        0.023999757624727613
      ],
      "iou": 0.6472055888223552
    },
    "left_ff_base": {
      "transform": [
        [
          -1.0,
          1.2246467991473532e-16,
          -6.123233995736766e-17,
          -1.3471114717626108e-18
        ],
        [
          6.123233995736767e-17,
          6.123233995736765e-17,
          -1.0,
          -6.735557358813053e-19
        ],
        [
          -1.2246467991473532e-16,
          -1.0,
          -6.123233995736766e-17,
          0.01099999994039524
        ],
        [
          0.0,
          0.0,
          0.0,
          1.0
        ]
      ],
      "extents": [
        0.019600000232458115,
        0.021999999880790943,
        0.026900000870227814
      ],
      "iou": 0.3923
    },