{
  "robot_name": "spider/inspire/right",
  "robot_path": "assets/spider_robots/inspire/right.xml",
  "links": {
    "right_hand_base": {
      "transform": [
        [
          0.935333361395014,
          -0.35376758339551706,
          -6.123233995736766e-17,
          -0.0006796290413579601
        ],
        [
          -7.893466729077764e-17,
          -3.5610633426036203e-17,
          -1.0,
          -0.07077500245720147
        ],
        [
          0.3537675833955171,
          0.935333361395014,
          -6.123233995736766e-17,
          0.001791523542661268
        ],
        [
          0.0,
          0.0,
          0.0,
          1.0
        ]
      ],
      "extents": [
        0.054777004771632914,
        0.08030752070985028,
        0.14155000405013562
      ],
      "iou": 0.4704522096608428
    },
    "right_thumb_proximal_base": {
      "transform": [
        [
          0.27912769742179167,
          0.0,
          0.9602539916772065,
          -0.003899612060759379
        ],
        [
          0.9602539916772065,
          0.0,
          -0.27912769742179167,
          -0.0004285432968609276
        ],
        [
          0.0,
          1.0,
          0.0,
          -0.005830265814438462
        ],
        [
          0.0,
          0.0,
          0.0,
          1.0
        ]
      ],
      "extents": [
        0.012499999843024634,
        0.016839468386024237,
        0.021250000329536285
      ],
      "iou": 0.4966101694915254
    },
    "right_thumb_proximal": {
      "transform": [
        [
          0.007441591637564657,
          -0.5377197180159707,
          0.8430908181036754,
          0.02487777813281546
        ],
        [
          0.011551228285885496,
          0.8431041340827389,
          0.537626253281666,
          0.015888656268550325
        ],
        [
          -0.9999055914630076,
          0.005737939475093454,
          0.012485359890410757,
          -0.00824641614911073
        ],
        [
          0.0,
          0.0,
          0.0,
          1.0
        ]
      ],
      "extents": [
        0.019394362802893694,
        0.032328495840450056,
        0.06775821944711971
      ],
      "iou": 0.539426118391324
    },
    "right_thumb_intermediate": {
      "transform": [
        [
          -4.1059367392897085e-07,
          0.6978884522734384,
          -0.7162064703583847,
          0.007444727276870554
        ],
        [
          2.8859460966926882e-08,
          -0.7162064703584363,
          -0.6978884522735055,
          -0.0013910927477332766
        ],
        [
          -0.9999999999999152,
          -3.0721791628715024e-07,
          2.739291614085166e-07,
          -0.0072000022022434594
        ],
        [
          0.0,
          0.0,
          0.0,
          1.0
        ]
      ],
      "extents": [
        0.016200004966332213,
        0.02248827685261201,
        0.04186000788294729
      ],
      "iou": 0.5430354796320631
    },
    "right_thumb_distal": {
      "transform": [
        [
          0.005433180351321682,
          -0.697618749325143,
          -0.7164485753641313,
          0.008284461129799086
        ],
        [
          -0.005579661208115055,
          0.7164268479908441,
          -0.6976399062974442,
          0.004571864797853793
        ],
        [
          0.999969673506188,
          0.00778794375476171,
          -6.071348037636166e-17,
          -0.006014656846418065
        ],
        [
          0.0,
          0.0,
          0.0,
          1.0
        ]
      ],
      "extents": [
        0.014711061160901515,
        0.015176284531932632,
        0.03028218040508481
      ],
      "iou": 0.5509485402703623
    },
    "right_index_proximal": {
      "transform": [
        [
          0.03391116994168275,
          -0.9983942904996244,
          -0.04537480854987895,
          5.5613807513241656e-05
        ],
        [
          -0.006654516487775088,
          -0.04562547392321034,
          0.9989364512017752,
          0.013043775456990618
        ],
        [
          -0.999402696596072,
          -0.03357315634602006,
          -0.008191044467310058,
          -0.005976406958573902
        ],
        [
          0.0,
          0.0,
          0.0,
          1.0
        ]
      ],
      "extents": [
        0.014322402955703408,
        0.021044729560415566,
        0.04544008067454866
      ],
      "iou": 0.5776943897637795
    },
    "right_index_intermediate": {
      "transform": [
        [
          -0.04577907360068356,
          0.9971168637518791,
          0.06051641464825266,
          0.0025683206090050714
        ],
        [
          -0.03191604296920782,
          0.059089066274182145,
          -0.9977423757904808,
          0.01869087270669046
        ],
        [
          -0.9984416070163797,
          -0.04760716614608933,
          0.029118981954865262,
          -0.005467056383974785
        ],
        [
          0.0,
          0.0,
          0.0,
          1.0
        ]
      ],
      "extents": [
        0.012589641493757272,
        0.014874209895082341,
        0.05339028513792185
      ],
      "iou": 0.49863925007559723
    },
    "right_middle_proximal": {
      "transform": [
        [
          0.03387090913457655,
          -0.9986484818099577,
          -0.03942044257823788,
          0.00013335186128627318
        ],
        [
          -0.006856499921310718,
          -0.03967433455118695,
          0.999189139045631,
          0.013043211841788062
        ],
        [
          -0.9994026965759228,
          -0.03357315827543462,
          -0.008191039017505085,
          -0.005976406905182035
        ],
        [
          0.0,
          0.0,
          0.0,
          1.0
        ]
      ],
      "extents": [
        0.014322402951098118,
        0.021044730472454178,
        0.0454400772474497
      ],
      "iou": 0.5772589448150394
    },
    "right_middle_intermediate": {
      "transform": [
        [
          0.3832424913676197,
          0.9149547330464535,
          0.12642400597288897,
          0.0012560506683118432
        ],
        [
          0.07040334369320363,
          0.10753947835341811,
          -0.9917049106424205,
          0.020330063058146264
        ],
        [
          -0.9209606734313668,
          0.3889641333996848,
          -0.0232021749298547,
          -0.00475458983730477
        ],
        [
          0.0,
          0.0,
          0.0,
          1.0
        ]
      ],
      "extents": [
        0.013163519649386798,
        0.01519208000046187,
        0.05685682882259885
      ],
      "iou": 0.46673623793373337
    },
    "right_ring_proximal": {
      "transform": [
        [
          0.03387090913457655,
          -0.9986484818099577,
          -0.03942044257823788,
          0.00013335186128627318
        ],
        [
          -0.006856499921310718,
          -0.03967433455118695,
          0.999189139045631,
          0.013043211841788062
        ],
        [
          -0.9994026965759228,
          -0.03357315827543462,
          -0.008191039017505085,
          -0.005976406905182035
        ],
        [
          0.0,
          0.0,
          0.0,
          1.0
        ]
      ],
      "extents": [
        0.014322402951098118,
        0.021044730472454178,
        0.0454400772474497
      ],
      "iou": 0.5772589448150394
    },
    "right_ring_intermediate": {
      "transform": [
        [
          -0.04611198494489192,
          0.9976822937830262,
          0.050037241293677516,
          0.002764424422159965
        ],
        [
          -0.031433545353468005,
          0.04861653329895097,
          -0.998322775917941,
          0.018662877016684298
        ],
        [
          -0.9984415942211912,
          -0.04760749270683804,
          0.029118886778426677,
          -0.005467054267774434
        ],
        [
          0.0,
          0.0,
          0.0,
          1.0
        ]
      ],