{
  "robot_name": "spider/xhand/xhand_left_copy",
  "robot_path": "assets/spider_robots/xhand/xhand_left_copy.urdf",
  "links": {
    "left_hand_thumb_rota_tip": {
      "transform": [
        [
          -0.5084250096643912,
          0.05051419171268483,
          0.859623362865027,
          0.0
        ],
        [
          0.8186343693227065,
          0.3380010150987898,
          0.4643200223507513,
          0.0
        ],
        [
          -0.2670988186259506,
          0.9397891413651267,
          -0.2132008228427363,
          0.0
        ],
        [
          0.0,
          0.0,
          0.0,
          1.0
        ]
      ],
      "extents": [
        0.001992453375921734,
        0.00199276717494587,
        0.0019933812188273853
      ],
      "iou": 0.5363164721141375
    },
    "left_hand_index_rota_tip": {
      "transform": [
        [
          -0.5084250096643912,
          0.05051419171268483,
          0.859623362865027,
          0.0
        ],
        [
          0.8186343693227065,
          0.3380010150987898,
          0.4643200223507513,
          0.0
        ],
        [
          -0.2670988186259506,
          0.9397891413651267,
          -0.2132008228427363,
          0.0
        ],
        [
          0.0,
          0.0,
          0.0,
          1.0
        ]
      ],
      "extents": [
        0.001992453375921734,
        0.00199276717494587,
        0.0019933812188273853
      ],
      "iou": 0.5363164721141375
    },
    "left_hand_mid_tip": {
      "transform": [
        [
          -0.5084250096643912,
          0.05051419171268483,
          0.859623362865027,
          0.0
        ],
        [
          0.8186343693227065,
          0.3380010150987898,
          0.4643200223507513,
          0.0
        ],
        [
          -0.2670988186259506,
          0.9397891413651267,
          -0.2132008228427363,
          0.0
        ],
        [
          0.0,
          0.0,
          0.0,
          1.0
        ]
      ],
      "extents": [
        0.001992453375921734,
        0.00199276717494587,
        0.0019933812188273853
      ],
      "iou": 0.5363164721141375
    },
    "left_hand_ring_tip": {
      "transform": [
        [
          -0.5084250096643912,
          0.05051419171268483,
          0.859623362865027,
          0.0
        ],
        [
          0.8186343693227065,
          0.3380010150987898,
          0.4643200223507513,
          0.0
        ],
        [
          -0.2670988186259506,
          0.9397891413651267,
          -0.2132008228427363,
          0.0
        ],
        [
          0.0,
          0.0,
          0.0,
          1.0
        ]
      ],
      "extents": [
        0.001992453375921734,
        0.00199276717494587,
        0.0019933812188273853
      ],
      "iou": 0.5363164721141375
    },
    "left_hand_pinky_tip": {
      "transform": [
        [
          -0.5084250096643912,
          0.05051419171268483,
          0.859623362865027,
          0.0
        ],
        [
          0.8186343693227065,
          0.3380010150987898,
          0.4643200223507513,
          0.0
        ],
        [
          -0.2670988186259506,
          0.9397891413651267,
          -0.2132008228427363,
          0.0
        ],
        [
          0.0,
          0.0,
          0.0,
          1.0
        ]
      ],
      "extents": [
        0.001992453375921734,
        0.00199276717494587,
        0.0019933812188273853
      ],
      "iou": 0.5363164721141375
    }
  }
}