{
  "robot_name": "spider/ability/right",
  "robot_path": "assets/spider_robots/ability/right.xml",
  "links": {
    "right_base": {
      "transform": [
        [
          -0.005139885012726114,
          0.999114830127487,
          0.041750901803179696,
          -0.00020173348412896018
        ],
        [
          0.995931063055782,
          0.0013580780105057265,
          0.09010811985996377,
          -0.003787558202292322
        ],
        [
          0.08997165788533727,
          0.04204416539117148,
          -0.9950564752484774,
          0.0552726603462532
        ],
        [
          0.0,
          0.0,
          0.0,
          1.0
        ]
      ],
      "extents": [
        0.04770857792757388,
        0.08255911185687685,
        0.11450551043898197
      ],
      "iou": 0.5713507254274232
    },
    "right_thumb_L1": {
      "transform": [
        [
          0.04891793703787835,
          -0.3794971929457087,
          -0.9238987585132288,
          0.01422286885487701
        ],
        [
          0.9944336197839666,
          -0.0679208149416383,
          0.0805514664113629,
          -0.0015295340805569714
        ],
        [
          -0.09332101199255918,
          -0.9226963983044428,
          0.3740622211299791,
          -0.0034426812377556185
        ],
        [
          0.0,
          0.0,
          0.0,
          1.0
        ]
      ],
      "extents": [
        0.01719116812792851,
        0.02130012236431434,
        0.043497694835224955
      ],
      "iou": 0.5337734890807516
    },
    "right_thumb_L2": {
      "transform": [
        [
          -0.04606680055991745,
          0.33189154666980286,
          -0.9421920457822273,
          0.030411966537714906
        ],
        [
          0.19333558677241575,
          -0.9223974133244188,
          -0.33437159385896914,
          0.005293363889160661
        ],
        [
          -0.980050611332669,
          -0.1975626815508126,
          -0.02167454924361121,
          -0.004872528032181777
        ],
        [
          0.0,
          0.0,
          0.0,
          1.0
        ]
      ],
      "extents": [
        0.025088308067573634,
        0.030210239135832238,
        0.07938775554947006
      ],
      "iou": 0.5797492247539436
    },
    "right_index_L1": {
      "transform": [
        [
          -0.0031852422941420246,
          -0.09207087252747578,
          -0.9957473618662301,
          0.018635193097030878
        ],
        [
          0.03442782935250758,
          0.9951520151361959,
          -0.0921259536528284,
          -2.4201240521153173e-05
        ],
        [
          0.9994021106629714,
          -0.034574863736503335,
          -6.154586376742787e-17,
          -0.00011479525742540924
        ],
        [
          0.0,
          0.0,
          0.0,
          1.0
        ]
      ],
      "extents": [
        0.016989835881270517,
        0.023612144886174233,
        0.0511916447645622
      ],
      "iou": 0.583460441673851
    },
    "right_index_L2": {
      "transform": [
        [
          -0.0009923641955343972,
          0.5036890071374581,
          0.8638844826145362,
          0.01550327414818164
        ],
        [
          0.000578598894458031,
          0.863885052590263,
          -0.503688674812565,
          -0.009489426295071926
        ],
        [
          -0.9999993402180937,
          6.134896585018135e-17,
          -0.0011487224979283234,
          -1.2235176819169357e-05
        ],
        [
          0.0,
          0.0,
          0.0,
          1.0
        ]
      ],
      "extents": [
        0.015027552404471584,
        0.017748606055581276,
        0.04560093316678756
      ],
      "iou": 0.6085560270673243
    },
    "right_middle_L1": {
      "transform": [
        [
          -0.0031852422941420246,
          -0.09207087252747578,
          -0.9957473618662301,
          0.018635193097030878
        ],
        [
          0.03442782935250758,
          0.9951520151361959,
          -0.0921259536528284,
          -2.4201240521153173e-05
        ],
        [
          0.9994021106629714,
          -0.034574863736503335,
          -6.154586376742787e-17,
          -0.00011479525742540924
        ],
        [
          0.0,
          0.0,
          0.0,
          1.0
        ]
      ],
      "extents": [
        0.016989835881270517,
        0.023612144886174233,
        0.0511916447645622
      ],
      "iou": 0.583460441673851
    },
    "right_middle_L2": {
      "transform": [
        [
          -0.0009923641955343972,
          0.5036890071374581,
          0.8638844826145362,
          0.01550327414818164
        ],
        [
          0.000578598894458031,
          0.863885052590263,
          -0.503688674812565,
          -0.009489426295071926
        ],
        [
          -0.9999993402180937,
          6.134896585018135e-17,
          -0.0011487224979283234,
          -1.2235176819169357e-05
        ],
        [
          0.0,
          0.0,
          0.0,
          1.0
        ]
      ],
      "extents": [
        0.015027552404471584,
        0.017748606055581276,
        0.04560093316678756
      ],
      "iou": 0.6085560270673243
    },
    "right_ring_L1": {
      "transform": [
        [
          -0.0031852422941420246,
          -0.09207087252747578,
          -0.9957473618662301,
          0.018635193097030878
        ],
        [
          0.03442782935250758,
          0.9951520151361959,
          -0.0921259536528284,
          -2.4201240521153173e-05
        ],
        [
          0.9994021106629714,
          -0.034574863736503335,
          -6.154586376742787e-17,
          -0.00011479525742540924
        ],
        [
          0.0,
          0.0,
          0.0,
          1.0
        ]
      ],
      "extents": [
        0.016989835881270517,
        0.023612144886174233,
        0.0511916447645622
      ],
      "iou": 0.583460441673851
    },
    "right_ring_L2": {
      "transform": [
        [
          -0.0009923641955343972,
          0.5036890071374581,
          0.8638844826145362,
          0.01550327414818164
        ],
        [
          0.000578598894458031,
          0.863885052590263,
          -0.503688674812565,
          -0.009489426295071926
        ],
        [
          -0.9999993402180937,
          6.134896585018135e-17,
          -0.0011487224979283234,
          -1.2235176819169357e-05
        ],
        [
          0.0,
          0.0,
          0.0,
          1.0
        ]
      ],
      "extents": [
        0.015027552404471584,
        0.017748606055581276,
        0.04560093316678756
      ],
      "iou": 0.6085560270673243
    },
    "right_pinky_L1": {
      "transform": [
        [
          -0.0031852422941420246,
          -0.09207087252747578,
          -0.9957473618662301,
          0.018635193097030878
        ],
        [
          0.03442782935250758,
          0.9951520151361959,
          -0.0921259536528284,
          -2.4201240521153173e-05
        ],
        [
          0.9994021106629714,
          -0.034574863736503335,
          -6.154586376742787e-17,
          -0.00011479525742540924
        ],
        [
          0.0,
          0.0,
          0.0,
          1.0
        ]
      ],
      "extents": [
        0.016989835881270517,
        0.023612144886174233,
        0.0511916447645622
      ],
      "iou": 0.583460441673851
    },
    "right_pinky_L2": {
      "transform": [
        [
          -0.0009923641955343972,
          0.5036890071374581,
          0.8638844826145362,
          0.01550327414818164
        ],
        [
          0.000578598894458031,
          0.863885052590263,
          -0.503688674812565,
          -0.009489426295071926
        ],
        [
          -0.9999993402180937,
          6.134896585018135e-17,
          -0.0011487224979283234,
          -1.2235176819169357e-05
        ],
        [
          0.0,
          0.0,
          0.0,
          1.0
        ]
      ],