{
  "robot_name": "spider/xhand/right",
  "robot_path": "assets/spider_robots/xhand/right.xml",
  "links": {
    "right_hand_link": {
      "transform": [
        [
          0.027652584735013197,
          0.9996175941616239,
          0.0,
          -0.0033570810920326892
        ],
        [
          0.9996175941616238,
          -0.027652584735013197,
          0.0,
          9.286748242722003e-05
        ],
        [
          -0.0,
          -0.0,
          -1.0,
          -0.05897499993443489
        ],
        [
          0.0,
          0.0,
          0.0,
          1.0
        ]
      ],
      "extents": [
        0.04999970304278629,
        0.09384045551102149,
        0.11794999986886978
      ],
      "iou": 0.5477041224468029
    },
    "right_hand_thumb_bend_link": {
      "transform": [
        [
          -0.019592173256233757,
          -0.02702433022593967,
          0.9994427609037633,
          0.013953348041325357
        ],
        [
          0.1423002235054282,
          0.9893825985941808,
          0.029541834562719502,
          -0.0005667365841987832
        ],
        [
          -0.989629624221811,
          0.1427997169985476,
          -0.015538587057124256,
          -2.8658888249178077e-05
        ],
        [
          0.0,
          0.0,
          0.0,
          1.0
        ]
      ],
      "extents": [
        0.01808562901211022,
        0.018156286378518488,
        0.046220249877639674
      ],
      "iou": 0.38097974428961356
    },
    "right_hand_thumb_rota_link1": {
      "transform": [
        [
          5.775233068723699e-12,
          -1.9006580211847775e-07,
          -0.9999999999999821,
          0.027650002784439964
        ],
        [
          -3.0385762372956473e-05,
          0.9999999995383348,
          -1.9006580220621928e-07,
          0.00037548844810758814
        ],
        [
          0.9999999995383526,
          3.0385762372957022e-05,
          -6.123233995869789e-17,
          0.002947333937302315
        ],
        [
          0.0,
          0.0,
          0.0,
          1.0
        ]
      ],
      "extents": [
        0.03021045357696562,
        0.03916080287525411,
        0.07460152777862031
      ],
      "iou": 0.5552832924938741
    },
    "right_hand_thumb_rota_link2": {
      "transform": [
        [
          0.05751348676673601,
          -2.5151589478631303e-05,
          0.9983447291428597,
          0.022095172256857327
        ],
        [
          -1.4464595604436484e-06,
          -0.9999999996836988,
          -2.510996232675099e-05,
          -5.252594733488821e-07
        ],
        [
          0.9983447294586376,
          9.620790561860725e-11,
          -0.057513486784925176,
          0.001643543628712241
        ],
        [
          0.0,
          0.0,
          0.0,
          1.0
        ]
      ],
      "extents": [
        0.02608181114692462,
        0.035597076628276575,
        0.059924357851392974
      ],
      "iou": 0.535842501447597
    },
    "right_hand_index_bend_link": {
      "transform": [
        [
          -1.0,
          -1.5987474417145076e-19,
          6.12321312443134e-17,
          -4.1796904577714533e-19
        ],
        [
          0.0,
          0.9999965914571546,
          0.0026109527135948388,
          -0.0032293097468677166
        ],
        [
          -6.123233995736766e-17,
          0.0026109527135948388,
          -0.9999965914571546,
          0.0068259525288132325
        ],
        [
          0.0,
          0.0,
          0.0,
          1.0
        ]
      ],
      "extents": [
        0.01599999889731407,
        0.02558476856540124,
        0.06876722605756105
      ],
      "iou": 0.5730127526589042
    },
    "right_hand_index_rota_link1": {
      "transform": [
        [
          0.9999747040942365,
          0.006723583348885284,
          -0.002320473786723135,
          -9.315943859657355e-05
        ],
        [
          0.006768056223515466,
          -0.9997826031700758,
          0.019721557073976846,
          -0.002742290052257896
        ],
        [
          -0.002187369790321298,
          -0.019736763296381327,
          -0.9998028183536907,
          -0.029396190728105686
        ],
        [
          0.0,
          0.0,
          0.0,
          1.0
        ]
      ],
      "extents": [
        0.016391823097302728,
        0.027717571983526475,
        0.07469100634861918
      ],
      "iou": 0.6053491665758797
    },
    "right_hand_index_rota_link2": {
      "transform": [
        [
          -0.9999974621905726,
          9.368163641600945e-06,
          0.002252892507846102,
          -6.674577499322484e-05
        ],
        [
          0.00020568683586055192,
          0.9961946271603582,
          0.08715631078562407,
          -3.358984299459882e-05
        ],
        [
          -0.0022435029173042743,
          0.08715655298984835,
          -0.99619210093515,
          -0.017730397343022904
        ],
        [
          0.0,
          0.0,
          0.0,
          1.0
        ]
      ],
      "extents": [
        0.01689745316999686,
        0.02160496692560876,
        0.051354102494375
      ],
      "iou": 0.4934691581776139
    },
    "right_hand_mid_link1": {
      "transform": [
        [
          0.9999747040942365,
          0.006723583348885286,
          -0.002320473786723132,
          -9.315943859657352e-05
        ],
        [
          0.006768056223515466,
          -0.9997826031700758,
          0.019721557073976402,
          -0.0027422900522579004
        ],
        [
          -0.002187369790321298,
          -0.019736763296380883,
          -0.9998028183536907,
          -0.029396190728105683
        ],
        [
          0.0,
          0.0,
          0.0,
          1.0
        ]
      ],
      "extents": [
        0.016391823097302728,
        0.02771757198352648,
        0.07469100634861918
      ],
      "iou": 0.6053491665758797
    },
    "right_hand_mid_link2": {
      "transform": [
        [
          -0.9999974470323774,
          2.8356851215186144e-05,
          0.0022594522824423086,
          -6.707688779071087e-05
        ],
        [
          0.00022518022651606665,
          0.9961944220050323,
          0.08715860749188993,
          -5.070240893246828e-05
        ],
        [
          -0.0022483822168907963,
          0.08715889376276373,
          -0.9961918851383292,
          -0.01753536931807214
        ],
        [
          0.0,
          0.0,
          0.0,
          1.0
        ]
      ],
      "extents": [
        0.01689752660933025,
        0.021605074722583474,
        0.05096264140118783
      ],
      "iou": 0.4956928838951311
    },
    "right_hand_ring_link1": {
      "transform": [
        [
          0.9999747040942365,
          0.006723583348885286,
          -0.002320473786723132,
          -9.315943859657352e-05
        ],
        [
          0.006768056223515466,
          -0.9997826031700758,
          0.019721557073976402,
          -0.0027422900522579004
        ],
        [
          -0.002187369790321298,
          -0.019736763296380883,
          -0.9998028183536907,
          -0.029396190728105683
        ],
        [
          0.0,
          0.0,
          0.0,
          1.0
        ]
      ],
      "extents": [
        0.016391823097302728,
        0.02771757198352648,
        0.07469100634861918
      ],
      "iou": 0.6053491665758797
    },