{
  "robot_name": "spider/ability/ability_hand_left_6dof",
  "robot_path": "assets/spider_robots/ability/ability_hand_left_6dof.urdf",
  "links": {
    "base": {
      "transform": [
        [
          2.12364483051473e-17,
          -0.8589227292962135,
          -0.5121052090130928,
          1.5077878296654583e-19
        ],
        [
          -8.395124880960436e-17,
          0.5121052090130929,
          -0.8589227292962136,
          -5.960538665481909e-19
        ],
        [
          1.0,
          6.123233995736767e-17,
          -6.123233995736766e-17,
          0.0070999999999999995
        ],
        [
          0.0,
          0.0,
          0.0,
          1.0
        ]
      ],
      "extents": [
        0.0142,
        0.03994456936268435,
        0.03994456936268435
      ],
      "iou": 0.30854668674698793
    },
    "thumb_base": {
      "transform": [
        [
          0.04172571269356553,
          -0.9979972130369541,
          0.0475450067902653,
          0.022266170994253324
        ],
        [
          0.9943244649846549,
          0.04613918993991038,
          0.0958646623353407,
          -0.007733457079297387
        ],
        [
          -0.09786635393838906,
          0.04327514208135223,
          0.9942582354924925,
          -0.025104236512806802
        ],
        [
          0.0,
          0.0,
          0.0,
          1.0
        ]
      ],
      "extents": [
        0.04524916336647057,
        0.08031253485782025,
        0.11273467157440667
      ],
      "iou": 0.5475013311021526
    },
    "thumb_L1": {
      "transform": [
        [
          0.048848435849853516,
          -0.37948947638361397,
          -0.9239056053672977,
          0.01422299845673203
        ],
        [
          0.9944330204617191,
          -0.067987292686725,
          0.08050276919778686,
          -0.0015299175697776743
        ],
        [
          -0.09336379453731142,
          -0.9226946761238086,
          0.37405579332818073,
          -0.003442488039802265
        ],
        [
          0.0,
          0.0,
          0.0,
          1.0
        ]
      ],
      "extents": [
        0.01719085836573822,
        0.02130021318367045,
        0.0434979339457412
      ],
      "iou": 0.5301510727434302
    },
    "thumb_L2": {
      "transform": [
        [
          -0.04606696694619036,
          0.331892340491094,
          -0.9421917580194185,
          0.030411972068957356
        ],
        [
          0.19333554712764786,
          -0.9223971276958121,
          -0.33437240471571356,
          0.005293343961795854
        ],
        [
          -0.9800506113325125,
          -0.19756268155160162,
          -0.021674549243497362,
          -0.0048725280321816845
        ],
        [
          0.0,
          0.0,
          0.0,
          1.0
        ]
      ],
      "extents": [
        0.02508830806757363,
        0.03021023913583222,
        0.07938775554947002
      ],
      "iou": 0.5797492247539436
    },
    "index_L1": {
      "transform": [
        [
          0.010132748604105986,
          -0.102442397330175,
          0.9946873290813413,
          0.018713689585898516
        ],
        [
          0.05675371340886841,
          0.993193839201472,
          0.10171044089249105,
          0.00045878560438459404
        ],
        [
          -0.998336788573891,
          0.05542159327813882,
          0.01587776994676956,
          -0.00019822629333228402
        ],
        [
          0.0,
          0.0,
          0.0,
          1.0
        ]
      ],
      "extents": [
        0.016046365266172178,
        0.022735935812380932,
        0.04836108771127394
      ],
      "iou": 0.4551051821446896
    },
    "index_L2": {
      "transform": [
        [
          -0.011610116298164034,
          -0.4627343382100118,
          -0.8864209707813132,
          0.01564739325882721
        ],
        [
          -0.014495696405179361,
          -0.8863096786941506,
          0.4628661018467441,
          -0.009087217047368772
        ],
        [
          -0.9998275251188437,
          0.018223218552548815,
          0.0035825019628835655,
          -0.00022520019022222775
        ],
        [
          0.0,
          0.0,
          0.0,
          1.0
        ]
      ],
      "extents": [
        0.014452970000667222,
        0.017067546947072323,
        0.045412697494683955
      ],
      "iou": 0.5619448340345956
    },
    "middle_L1": {
      "transform": [
        [
          0.010132748604105986,
          -0.102442397330175,
          0.9946873290813413,
          0.018713689585898516
        ],
        [
          0.05675371340886841,
          0.993193839201472,
          0.10171044089249105,
          0.00045878560438459404
        ],
        [
          -0.998336788573891,
          0.05542159327813882,
          0.01587776994676956,
          -0.00019822629333228402
        ],
        [
          0.0,
          0.0,
          0.0,
          1.0
        ]
      ],
      "extents": [
        0.016046365266172178,
        0.022735935812380932,
        0.04836108771127394
      ],
      "iou": 0.4551051821446896
    },
    "middle_L2": {
      "transform": [
        [
          -0.011610116298164034,
          -0.4627343382100118,
          -0.8864209707813132,
          0.01564739325882721
        ],
        [
          -0.014495696405179361,
          -0.8863096786941506,
          0.4628661018467441,
          -0.009087217047368772
        ],
        [
          -0.9998275251188437,
          0.018223218552548815,
          0.0035825019628835655,
          -0.00022520019022222775
        ],
        [
          0.0,
          0.0,
          0.0,
          1.0
        ]
      ],
      "extents": [
        0.014452970000667222,
        0.017067546947072323,
        0.045412697494683955
      ],
      "iou": 0.5619448340345956
    },
    "ring_L1": {
      "transform": [
        [
          0.010132748604105986,
          -0.102442397330175,
          0.9946873290813413,
          0.018713689585898516
        ],
        [
          0.05675371340886841,
          0.993193839201472,
          0.10171044089249105,
          0.00045878560438459404
        ],
        [
          -0.998336788573891,
          0.05542159327813882,
          0.01587776994676956,
          -0.00019822629333228402
        ],
        [
          0.0,
          0.0,
          0.0,
          1.0
        ]
      ],
      "extents": [
        0.016046365266172178,
        0.022735935812380932,
        0.04836108771127394
      ],
      "iou": 0.4551051821446896
    },
    "ring_L2": {
      "transform": [
        [
          -0.011610116298164034,
          -0.4627343382100118,
          -0.8864209707813132,
          0.01564739325882721
        ],
        [
          -0.014495696405179361,
          -0.8863096786941506,
          0.4628661018467441,
          -0.009087217047368772
        ],
        [
          -0.9998275251188437,
          0.018223218552548815,
          0.0035825019628835655,
          -0.00022520019022222775
        ],
        [
          0.0,
          0.0,
          0.0,
          1.0
        ]
      ],
      "extents": [
        0.014452970000667222,
        0.017067546947072323,
        0.045412697494683955
      ],
      "iou": 0.5619448340345956
    },
    "pinky_L1": {
      "transform": [
        [
          0.010132748604105986,
          -0.102442397330175,
          0.9946873290813413,
          0.018713689585898516
        ],
        [
          0.05675371340886841,
          0.993193839201472,
          0.10171044089249105,
          0.00045878560438459404
        ],
        [
          -0.998336788573891,
          0.05542159327813882,
          0.01587776994676956,
          -0.00019822629333228402
        ],
        [
          0.0,
          0.0,
          0.0,
          1.0
        ]
      ],