{
  "robot_name": "spider/mano/right",
  "robot_path": "assets/spider_robots/mano/right.xml",
  "links": {
    "right_palm": {
      "transform": [
        [
          0.17312400807814124,
          0.22862204406593012,
          0.9579979325625269,
          -0.039095849239517644
        ],
        [
          -0.9797371665133019,
          0.13944036066905843,
          0.14377576419191654,
          -0.0045514567206693494
        ],
        [
          -0.10071326814003392,
          -0.9634772165358134,
          0.2481299877825226,
          0.0019095195314352462
        ],
        [
          0.0,
          0.0,
          0.0,
          1.0
        ]
      ],
      "extents": [
        0.049908462578105925,
        0.08734355814634466,
        0.11247515886758554
      ],
      "iou": 0.5075201988812927
    },
    "right_index1z": {
      "transform": [
        [
          0.13121514522327624,
          0.10580991405660096,
          -0.9856910508629819,
          -0.014384565636095482
        ],
        [
          0.6645567133403519,
          -0.7471922006915945,
          0.008257722441520583,
          0.0011686219457472322
        ],
        [
          -0.7356269165944812,
          -0.6561311433798785,
          -0.16835962184772676,
          -0.0028516611670194587
        ],
        [
          0.0,
          0.0,
          0.0,
          1.0
        ]
      ],
      "extents": [
        0.02529951343558405,
        0.026569176139313103,
        0.03944133430661128
      ],
      "iou": 0.45413513872295236
    },
    "right_index2": {
      "transform": [
        [
          -0.1140008317545936,
          -0.04254345095486341,
          0.992569325105361,
          -0.010228066593254068
        ],
        [
          0.9915326707453533,
          -0.06740626611566723,
          0.11099260395598792,
          -0.0010167332103462854
        ],
        [
          0.06218338366354605,
          0.9968181629912223,
          0.04986759195065721,
          -0.000764051719109504
        ],
        [
          0.0,
          0.0,
          0.0,
          1.0
        ]
      ],
      "extents": [
        0.017772445011760354,
        0.01904522362184529,
        0.027264090632360783
      ],
      "iou": 0.5570291777188329
    },
    "right_index3": {
      "transform": [
        [
          0.08282096649139892,
          -0.06594215514465157,
          0.9943803697199122,
          -0.011539363642006004
        ],
        [
          -0.9818434448932144,
          -0.17627024492665305,
          0.07008744876026882,
          -0.0005038129710784542
        ],
        [
          0.1706579539009423,
          -0.9821305579852285,
          -0.07934374481940851,
          0.0006702205283403837
        ],
        [
          0.0,
          0.0,
          0.0,
          1.0
        ]
      ],
      "extents": [
        0.014610607405384942,
        0.017097177695622932,
        0.026898143353412857
      ],
      "iou": 0.552214908379292
    },
    "right_middle1z": {
      "transform": [
        [
          0.07990082652348969,
          -0.15292676302569694,
          -0.9850021639932296,
          -0.014421295493105562
        ],
        [
          0.009957464900599573,
          -0.9879897397625392,
          0.1541983236507553,
          0.004195182012892414
        ],
        [
          -0.9967530821691079,
          -0.022128697983209128,
          -0.07741843392856369,
          -0.002025688606263779
        ],
        [
          0.0,
          0.0,
          0.0,
          1.0
        ]
      ],
      "extents": [
        0.022670342499739184,
        0.026014746746903367,
        0.04306734694914251
      ],
      "iou": 0.4784955028618152
    },
    "right_middle2": {
      "transform": [
        [
          -0.11418951897732398,
          -0.04060659267823729,
          0.9926287616157369,
          -0.012793948425796078
        ],
        [
          0.9805037554963933,
          0.1562279067429535,
          0.11918568123807424,
          -0.0004923043335767039
        ],
        [
          -0.15991603801118945,
          0.9868859841875244,
          0.021975327097111926,
          -0.00056313172786535
        ],
        [
          0.0,
          0.0,
          0.0,
          1.0
        ]
      ],
      "extents": [
        0.016699659175426238,
        0.01920249206432479,
        0.028621964942460002
      ],
      "iou": 0.616988416988417
    },
    "right_middle3": {
      "transform": [
        [
          -0.018594096213631953,
          -0.03497348456442552,
          -0.9992152495650874,
          -0.011628719634923687
        ],
        [
          0.9769495299754924,
          -0.21320119780574806,
          -0.01071751533046722,
          0.00011053371830059974
        ],
        [
          -0.21265905921606706,
          -0.9763821509181824,
          0.038131612891682314,
          0.0007657626684564644
        ],
        [
          0.0,
          0.0,
          0.0,
          1.0
        ]
      ],
      "extents": [
        0.014812607841728612,
        0.01658795011174205,
        0.029297040149621756
      ],
      "iou": 0.5607520564042303
    },
    "right_pinky1z": {
      "transform": [
        [
          -0.005878661180488308,
          0.1892894528118738,
          0.9819037347911996,
          -0.008246830250769001
        ],
        [
          -0.8828174710978111,
          0.4602135058259252,
          -0.09400447744589871,
          0.001744165907039458
        ],
        [
          -0.46967941626942766,
          -0.867394392482216,
          0.16440259676543156,
          -0.002020108848495188
        ],
        [
          0.0,
          0.0,
          0.0,
          1.0
        ]
      ],
      "extents": [
        0.019079898601650797,
        0.019422490202111002,
        0.031671134175864424
      ],
      "iou": 0.5281727224855187
    },
    "right_pinky2": {
      "transform": [
        [
          0.06362309479162735,
          0.09482214920692073,
          -0.9934590388279307,
          -0.009250622955492609
        ],
        [
          -0.7855048447204677,
          0.6187935560972864,
          0.008756360725116716,
          0.001229319759853568
        ],
        [
          0.6155763484165141,
          0.7798097812622352,
          0.11385281866486913,
          8.681986723482243e-05
        ],
        [
          0.0,
          0.0,
          0.0,
          1.0
        ]
      ],
      "extents": [
        0.014723444207424288,
        0.016247608125821024,
        0.023330709246887134
      ],
      "iou": 0.5736810187992722
    },
    "right_pinky3": {
      "transform": [
        [
          0.18592809576774288,
          0.059404138755395894,
          -0.9807659718316651,
          -0.008907305483703621
        ],
        [
          -0.9824636230270124,
          -0.0029816266934214733,
          -0.1864305214574528,
          -0.000649195955723975
        ],
        [
          -0.013999022566512078,
          0.9982295618749181,
          0.05780803721102747,
          8.077105653222626e-05
        ],
        [
          0.0,
          0.0,
          0.0,
          1.0
        ]
      ],
      "extents": [
        0.012433164761893378,
        0.014143237047391989,
        0.0224352304179243
      ],
      "iou": 0.532945266391786
    },
    "right_ring1z": {
      "transform": [
        [
          -0.04758275376300421,
          -0.044106566860836194,
          -0.9978930264833399,
          -0.010860122946655152
        ],
        [
          -0.9917614636492974,
          0.12103797066792883,
          0.04194053977708097,
          0.0030016567322471975
        ],
        [
          0.11893309364736385,
          0.9916674948874447,
          -0.04950251326071428,
          0.0007302757683521143
        ],
        [
          0.0,
          0.0,
          0.0,
          1.0
        ]
      ],