{
  "count_wasserstein": 0.16490280628204346,
  "occupancy_js_divergence": 0.06986986845731735,
  "coverage_iou_ge_03": 0.940132737159729,
  "coverage_iou_ge_05": 0.09343885630369186,
  "coverage_iou_ge_07": 0.0,
  "median_best_iou": 0.41747573018074036,
  "one_nn_separability_acc": 0.6296960711479187,
  "real_count_mean": 59.96055603027344,
  "sampled_count_mean": 60.02949905395508,
  "pc2d_span_ratio_mean": 0.6720362451463804,
  "pc2d_intersection_cover_mean": 0.6720362451463804,
  "span_trace_ratio": 0.5686848163604736,
  "span_logdet_ratio": 0.6323058009147644,
  "real_to_sampled_nn_p95": 3.2861993312835693,
  "real_to_real_nn_p95": 2.130314350128174,
  "nn_p95_ratio": 1.5425889287587298
}